<BFTypedBinder binderType="ElephantAfrican_Gift">
   <types>
      <entity>
         <item>
            <ElephantAfrican_Gift/>
         </item>
      </entity>
   </types>
   <instance>
      <BFGEntity entityVersion="1"/>
   </instance>
   <shared>
      <UIToggleButton template="adopt">
         <UIAspect>
            <default image="UI/infopan/icon_ElephantAfrican_Gift.dds"/>
         </UIAspect>
         <UIHelpInfo name="" short="" long="" help="" ids="entityname:ElephantAfrican_Gift"/>
      </UIToggleButton>
      <BFAIEntityDataShared b_RareGift="true"/>
   </shared>
   <binder>
      <BFNamedBinder binderName="mainObj">
         <instance>
            <BFPhysObj>
               <BFSimpleLODComponent modelfile="entities/objects/Items/Gifts/ElephantAfrican_Gift.nif" scale="1.0" switch="0 36"/>
            </BFPhysObj>
         </instance>
      </BFNamedBinder>
   </binder>
</BFTypedBinder>
