<BFTypedBinder binderType="Photo">
   <types>
      <entity>
         <item>
            <Photo/>
         </item>
      </entity>
   </types>
   <instance>
      <BFGEntity entityVersion="1"/>
   </instance>
   <shared>
      <UIToggleButton template="adopt">
         <UIAspect>
            <default image="UI/infopan/icon_Photo.dds"/>
         </UIAspect>
         <UIHelpInfo name="" short="" long="" help="" ids="entityname:Photo"/>
      </UIToggleButton>
      <BFAIEntityDataShared b_Photo="true"/>
   </shared>
   <binder>
      <BFNamedBinder binderName="mainObj">
         <instance>
            <BFPhysObj>
               <BFSimpleLODComponent modelfile="entities/objects/items/Photo/Photo.nif" scale="1.0"/>
            </BFPhysObj>
         </instance>
      </BFNamedBinder>
   </binder>
</BFTypedBinder>
