<BFTypedBinder binderType="ZooHat">
   <types>
      <entity>
         <item>
            <ZooHat/>
         </item>
      </entity>
   </types>
   <instance>
      <BFGEntity entityVersion="1"/>
   </instance>
   <shared>
      <UIToggleButton template="adopt">
         <UIAspect>
            <default image="UI/infopan/icon_ZooHat.dds"/>
         </UIAspect>
         <UIHelpInfo name="" short="" long="" help="" ids="entityname:ZooHat"/>
      </UIToggleButton>
      <BFAIEntityDataShared b_Gift="true"/>
   </shared>
   <binder>
      <BFNamedBinder binderName="mainObj">
         <instance>
            <BFPhysObj>
               <BFSimpleLODComponent modelfile="entities/objects/Items/Gifts/ZooHat.nif" scale="1.0" switch="0 36"/>            
            </BFPhysObj>
         </instance>
      </BFNamedBinder>
   </binder>
</BFTypedBinder>