<BFParticleDictionary>
   <EmotePregnant>
      <Conditions>
         <BFParticleDefinition xmlFile="world/particlesystems/emote_pregnant.xml" removeTime="10.0" spawnOffscreen="false"/>
      </Conditions>
   </EmotePregnant>
   <EmoteTourGood>
      <Conditions>
         <BFParticleDefinition xmlFile="world/particlesystems/guest_cheapgood.xml" removeTime="10.0" spawnOffscreen="false"/>
      </Conditions>
   </EmoteTourGood>
   <EmoteTourBad>
      <Conditions>
         <BFParticleDefinition xmlFile="world/particlesystems/guest_expensivebad.xml" removeTime="10.0" spawnOffscreen="false"/>
      </Conditions>
   </EmoteTourBad>

   <EmoteTourBored>
      <Conditions>
         <BFParticleDefinition xmlFile="world/particlesystems/tour_bored.xml" removeTime="10.0" spawnOffscreen="false"/>
      </Conditions>
   </EmoteTourBored>
   <EmoteTourHappy>
      <Conditions>
         <BFParticleDefinition xmlFile="world/particlesystems/tour_happy.xml" removeTime="10.0" spawnOffscreen="false"/>
      </Conditions>
   </EmoteTourHappy>
   <EmoteTourHappier>
      <Conditions>
         <BFParticleDefinition xmlFile="world/particlesystems/tour_happier.xml" removeTime="10.0" spawnOffscreen="false"/>
      </Conditions>
   </EmoteTourHappier>
   <EmoteTourHappiest>
      <Conditions>
         <BFParticleDefinition xmlFile="world/particlesystems/tour_happiest.xml" removeTime="10.0" spawnOffscreen="false"/>
      </Conditions>
   </EmoteTourHappiest>
   <EmoteTourAngry>
      <Conditions>
         <BFParticleDefinition xmlFile="world/particlesystems/tour_angry.xml" removeTime="10.0" spawnOffscreen="false"/>
      </Conditions>
   </EmoteTourAngry>

   
   
</BFParticleDictionary>
