<BFTypedBinder binderType="compost_df">
   <types>
      <entity>
         <building>
            <compost_df/>
         </building>
      </entity>
   </types>
   <instance>
      <BFGEntity entityVersion="1">
         <physObjParenting>
            <parentObj parent="mainObj" child="shadowObj" rottype="use" postype="ignore" attachnode="link"/>
            <parentObj parent="mainObj" child="shadowObj2" rottype="use" postype="ignore" attachnode="link"/>
            <parentObj parent="mainObj" child="shadowObj3" rottype="use" postype="ignore" attachnode="link"/>
            <parentObj parent="mainObj" child="shadowObj4" rottype="use" postype="ignore" attachnode="link"/>
            <parentObj parent="mainObj" child="shadowObj5" rottype="use" postype="ignore" attachnode="link"/>
            <parentObj parent="mainObj" child="biomedetail_01" rottype="ignore" postype="use" attachnode="biomedetail_01"/>
            <parentObj parent="mainObj" child="biomedetail_02" rottype="ignore" postype="use" attachnode="biomedetail_02"/>
            <parentObj parent="mainObj" child="biomedetail_03" rottype="ignore" postype="use" attachnode="biomedetail_03"/>
            <parentObj parent="mainObj" child="biomedetail_04" rottype="ignore" postype="use" attachnode="biomedetail_04"/>
            <parentObj parent="mainObj" child="biomedetail_05" rottype="ignore" postype="use" attachnode="biomedetail_05"/>
            <parentObj parent="mainObj" child="biomedetail_06" rottype="ignore" postype="use" attachnode="biomedetail_06"/>
            <parentObj parent="mainObj" child="biomedetail_07" rottype="ignore" postype="use" attachnode="biomedetail_07"/>
            <parentObj parent="mainObj" child="biomedetail_08" rottype="ignore" postype="use" attachnode="biomedetail_08"/>
            <parentObj parent="mainObj" child="biomedetail_09" rottype="ignore" postype="use" attachnode="biomedetail_09"/>
            <parentObj parent="mainObj" child="biomedetail_10" rottype="ignore" postype="use" attachnode="biomedetail_10"/>
            <parentObj parent="mainObj" child="biomedetail_11" rottype="ignore" postype="use" attachnode="biomedetail_11"/>
            <parentObj parent="mainObj" child="biomedetail_12" rottype="ignore" postype="use" attachnode="biomedetail_12"/>
            <parentObj parent="mainObj" child="biomedetail_13" rottype="ignore" postype="use" attachnode="biomedetail_13"/>
         </physObjParenting>
      </BFGEntity>
   </instance>
   <shared>
      <ZTPlacementData dockArrowStyle="special" dockArrowSize="1.5" icon3Doffset="0 0 0.542671" icon3Dscale="0.290000"/>
      <UIButton name="overviewicon">
         <UIAspect>
            <default image="ui/zoomap/icon_staff.dds"/>
         </UIAspect>
      </UIButton>
      <UIToggleButton template="adopt">
         <UIAspect>
            <default image="entities\objects\buildings\compost_df\compost_df_icon.dds"/>
         </UIAspect>
         <UIHelpInfo name="" short="" long="" help="" ids="entityname:compost"/>
         <on>
            <event msg="ZT_SETPLACEMENTOBJECT" data="BFString" string="compost_df"/>
         </on>
      </UIToggleButton>
      <UIToggleButton template="researchentity">
         <UIAspect>
            <default image="entities\objects\buildings\compost_df\compost_df_icon.dds"/>
         </UIAspect>
         <on>
            <event msg="ZT_SETPLACEMENTOBJECT" data="BFString" string="compost_df"/>
         </on>
      </UIToggleButton>
      <BFAIEntityDataShared s_uisort="dd" s_Zoopedia="zoopedia:zoopedia_compost:entry" f_researchUnlockTime="80" f_researchCost="400" b_DoNotDisplayUsers="true" f_FameReq="40"/>
      <ZTUserStaffAction>
         <SetAttribute name="f_PooLevel" value="0" threshold="20" locid="superstaff:compost" effect="SuperStaffRake" prescript="behavior:scripts/CompostPoo.lua:sellCompost"/>
      </ZTUserStaffAction>
      <BFGInfluenceComponent defaultRadius="12.0" defaultGroupFactor="0.0" defaultRadiusDropoff="linear" defaultGroupDropoff="none">
         <smell key="bad" value="4" scalingAttribute="f_PooLevel"/>
      </BFGInfluenceComponent>
   </shared>
   <binder>
      <BFNamedBinder binderName="shadowObj">
         <instance>
            <BFPhysObj>
               <BFMovingBlobShadowComponent shadowTexture="world\shadows\blob\round_blob.tga" baseNode="ShadowNode_01" ignoreLights="false" width="4" minLength="4" maxLength="8" minOffset="0" maxOffset="1"/>
            </BFPhysObj>
         </instance>
      </BFNamedBinder>
      <BFNamedBinder binderName="shadowObj2">
         <instance>
            <BFPhysObj>
               <BFMovingBlobShadowComponent shadowTexture="world\shadows\blob\round_blob.tga" baseNode="ShadowNode_02" ignoreLights="false" width="4" minLength="4" maxLength="8" minOffset="0" maxOffset="1"/>
            </BFPhysObj>
         </instance>
      </BFNamedBinder>
      <BFNamedBinder binderName="shadowObj3">
         <instance>
            <BFPhysObj>
               <BFMovingBlobShadowComponent shadowTexture="world\shadows\blob\square_blob.tga" baseNode="ShadowNode_03" ignoreLights="false" width="6" minLength="6" maxLength="12" minOffset="0" maxOffset="2"/>
            </BFPhysObj>
         </instance>
      </BFNamedBinder>
      <BFNamedBinder binderName="shadowObj4">
         <instance>
            <BFPhysObj>
               <BFMovingBlobShadowComponent shadowTexture="world\shadows\blob\square_blob.tga" baseNode="ShadowNode_04" ignoreLights="false" width="1.5" minLength="1.5" maxLength="3" minOffset="0" maxOffset=".5"/>
            </BFPhysObj>
         </instance>
      </BFNamedBinder>
      <BFNamedBinder binderName="shadowObj5">
         <instance>
            <BFPhysObj>
               <BFMovingBlobShadowComponent shadowTexture="world\shadows\blob\round_blob.tga" baseNode="ShadowNode_05" ignoreLights="false" width="1.5" minLength="1.5" maxLength="2" minOffset="0" maxOffset=".5"/>
            </BFPhysObj>
         </instance>
      </BFNamedBinder>
      <BFNamedBinder binderName="mainObj">
         <instance>
            <BFPhysObj>
               <BFSimpleLODComponent modelfile="entities/objects/buildings/compost_df/compost_df.nif"  initialTextKey="snd &quot;compost&quot; looping"/>
               <BFGroundFitComponent heightOffset="0.0"/>
               <BFCollisionComponent/>
            </BFPhysObj>
         </instance>
      </BFNamedBinder>
      <BFNamedBinder binderName="biomedetail_01">
         <instance>
            <BFPhysObj>
               <BFDecorativeDetailObjectComponent lodDistances="5 15 25 35"/>
            </BFPhysObj>
         </instance>
      </BFNamedBinder>
      <BFNamedBinder binderName="biomedetail_02">
         <instance>
            <BFPhysObj>
               <BFDecorativeDetailObjectComponent lodDistances="5 15 25 35"/>
            </BFPhysObj>
         </instance>
      </BFNamedBinder>
      <BFNamedBinder binderName="biomedetail_03">
         <instance>
            <BFPhysObj>
               <BFDecorativeDetailObjectComponent lodDistances="5 15 25 35"/>
            </BFPhysObj>
         </instance>
      </BFNamedBinder>
      <BFNamedBinder binderName="biomedetail_04">
         <instance>
            <BFPhysObj>
               <BFDecorativeDetailObjectComponent lodDistances="5 15 25 35"/>
            </BFPhysObj>
         </instance>
      </BFNamedBinder>
      <BFNamedBinder binderName="biomedetail_05">
         <instance>
            <BFPhysObj>
               <BFDecorativeDetailObjectComponent lodDistances="5 15 25 35"/>
            </BFPhysObj>
         </instance>
      </BFNamedBinder>
      <BFNamedBinder binderName="biomedetail_06">
         <instance>
            <BFPhysObj>
               <BFDecorativeDetailObjectComponent lodDistances="5 15 25 35"/>
            </BFPhysObj>
         </instance>
      </BFNamedBinder>
      <BFNamedBinder binderName="biomedetail_07">
         <instance>
            <BFPhysObj>
               <BFDecorativeDetailObjectComponent lodDistances="5 15 25 35"/>
            </BFPhysObj>
         </instance>
      </BFNamedBinder>
      <BFNamedBinder binderName="biomedetail_08">
         <instance>
            <BFPhysObj>
               <BFDecorativeDetailObjectComponent lodDistances="5 15 25 35"/>
            </BFPhysObj>
         </instance>
      </BFNamedBinder>
      <BFNamedBinder binderName="biomedetail_09">
         <instance>
            <BFPhysObj>
               <BFDecorativeDetailObjectComponent lodDistances="5 15 25 35"/>
            </BFPhysObj>
         </instance>
      </BFNamedBinder>
      <BFNamedBinder binderName="biomedetail_10">
         <instance>
            <BFPhysObj>
               <BFDecorativeDetailObjectComponent lodDistances="5 15 25 35"/>
            </BFPhysObj>
         </instance>
      </BFNamedBinder>
      <BFNamedBinder binderName="biomedetail_11">
         <instance>
            <BFPhysObj>
               <BFDecorativeDetailObjectComponent lodDistances="5 15 25 35"/>
            </BFPhysObj>
         </instance>
      </BFNamedBinder>
      <BFNamedBinder binderName="biomedetail_12">
         <instance>
            <BFPhysObj>
               <BFDecorativeDetailObjectComponent lodDistances="5 15 25 35"/>
            </BFPhysObj>
         </instance>
      </BFNamedBinder>
      <BFNamedBinder binderName="biomedetail_13">
         <instance>
            <BFPhysObj>
               <BFDecorativeDetailObjectComponent lodDistances="5 15 25 35"/>
            </BFPhysObj>
         </instance>
      </BFNamedBinder>
      <BFNamedBinder binderName="full" required="0">
         <instance>
            <BFPhysObj>
               <BFSimpleLODComponent modelfile="entities/objects/buildings/compost_df/compost_bin_full_df.nif"  switch="0 16 25"/>
               <BFGroundFitComponent heightOffset="0.0"/>
               <BFForceUpdateWhenVisibleComponent/>
               <BFHasParticleComponent/>
            </BFPhysObj>
         </instance>
      </BFNamedBinder>
      <BFNamedBinder binderName="twothird" required="0">
         <instance>
            <BFPhysObj>
               <BFSimpleLODComponent modelfile="entities/objects/buildings/compost_df/compost_bin_66_df.nif"  switch="0 16 25"/>
               <BFGroundFitComponent heightOffset="0.0"/>
               <BFForceUpdateWhenVisibleComponent/>
               <BFHasParticleComponent/>
            </BFPhysObj>
         </instance>
      </BFNamedBinder>
      <BFNamedBinder binderName="onethird" required="0">
         <instance>
            <BFPhysObj>
               <BFSimpleLODComponent modelfile="entities/objects/buildings/compost_df/compost_bin_33_df.nif"  switch="0 25"/>
               <BFGroundFitComponent heightOffset="0.0"/>
            </BFPhysObj>
         </instance>
      </BFNamedBinder>
      <BFNamedBinder binderName="empty" required="1">
         <instance>
            <BFPhysObj>
               <BFSimpleLODComponent modelfile="entities/objects/buildings/compost_df/compost_bin_empty_df.nif"  switch="0 25"/>
               <BFGroundFitComponent heightOffset="0.0"/>
            </BFPhysObj>
         </instance>
      </BFNamedBinder>
      <BFBinder required="1">
         <instance>
            <BFAIEntityDataInstance f_PooLevel="0"/>
         </instance>
      </BFBinder>
      <BFBinder required="1">
         <instance>
            <BFAIFadeController attribName="f_PooLevel" currState="empty" fadePeriod="1">
               <stateList>
                  <full physObj="full" minRange="66" maxRange="101"/>
                  <twothird physObj="twothird" minRange="33" maxRange="66"/>
                  <onethird physObj="onethird" minRange="1" maxRange="33"/>
                  <empty physObj="empty" minRange="-1" maxRange="1"/>
               </stateList>
            </BFAIFadeController>
         </instance>
      </BFBinder>
      <BFBinder required="1">
         <instance>
            <BFGInfluenceController attribName="f_PooLevel"/>
         </instance>
      </BFBinder>
      <BFBinder>
         <instance>
            <ZTEconomyComponent cost="1000">
               <ZTTransaction name="build" costType="parent" type="debit" category="construction"/>
               <ZTTransaction name="destroy" cost="80" costType="%parent" type="credit" category="recycling"/>
               <ZTTransaction name="upkeep" cost="50" period="monthly" type="debit" category="upkeep"/>
               <ZTTransaction name="sell" cost="100" period="monthly" type="credit" category="recycling"/>
            </ZTEconomyComponent>
         </instance>
      </BFBinder>
   </binder>
</BFTypedBinder>
