<BFTypedBinder binderType="foodstand_burger_jt">
   <types>
      <entity>
         <building>
            <Foodstand>
               <foodstand_burger>
                  <foodstand_burger_jt/>
               </foodstand_burger>
            </Foodstand>
         </building>
      </entity>
   </types>
   <instance>
      <BFGEntity/>
   </instance>
   <shared>
      <UIToggleButton template="adopt">
         <UIAspect>
            <default image="entities\objects\buildings\Foodstand\foodstand_burger_jt_icon.dds"/>
         </UIAspect>
         <UIHelpInfo name="" short="" long="" help="" ids="entityname:foodstand_burger_jt"/>
         <on>
            <event msg="ZT_SETPLACEMENTOBJECT" data="BFString" string="foodstand_burger_jt"/>
         </on>
      </UIToggleButton>
      <UIButton name="overviewicon">
         <UIAspect>
            <default image="ui/zoomap/icon_food.dds"/>
         </UIAspect>
      </UIButton>
      <BFAIEntityDataShared s_uisort="hb" s_ProfileLock="junglelock" s_ItemsSold="Hamburger" b_CommerceBuilding="true" b_DonationAcceptor="false" s_Zoopedia="zoopedia:zoopedia_hamburger:entry" s_Theme="jungle"/>
      <ZTTriggeredEventsComponent>
         <Buy_Item>
            <nonbroadcast>
               <event msg="BFSND_PLAY_FROM_ENTITY" data="BFString" string="fryregister"/>
            </nonbroadcast>
         </Buy_Item>
      </ZTTriggeredEventsComponent>
      <ZTItemFilter>
      	<Include_OR b_Hamburger="true"/>
      </ZTItemFilter>
   </shared>
   <binder>
      <BFNamedBinder binderName="mainObj">
         <instance>
            <BFPhysObj>
               <BFSimpleLODComponent modelfile="entities/objects/buildings/Foodstand/HotStand_Jt.nif" minSwitch="0 30 30 30 30"/>
               <BFGroundFitComponent heightOffset="0.0"/>
               <BFForceUpdateWhenVisibleComponent/>
            </BFPhysObj>
         </instance>
      </BFNamedBinder>
      <BFBinder>
         <instance>
            <ZTEconomyComponent cost="600" mergeKey="name">
               <ZTTransaction name="build" costType="parent" type="debit" category="construction"/>
               <ZTTransaction name="destroy" cost="80" costType="%parent" type="credit" category="recycling"/>
               <ZTTransaction name="upkeep" cost="50" period="monthly" type="debit" category="upkeep"/>
               <ZTTransaction name="Buy_Item" costIndex="1" costChoice="15 25 35" type="debit" category="concessions_food_drink" nextTransaction="add_user"/>
            </ZTEconomyComponent>
         </instance>
      </BFBinder>
   </binder>
</BFTypedBinder>
