<BFTypedBinder binderType="foodstand_salad_jt">
   <types>
      <entity>
         <building>
            <Foodstand>
               <foodstand_salad>
                  <foodstand_salad_jt/>
               </foodstand_salad>
            </Foodstand>
         </building>
      </entity>
   </types>
   <instance>
      <BFGEntity/>
   </instance>
   <shared>
      <UIToggleButton template="adopt">
         <UIAspect>
            <default image="entities\objects\buildings\Foodstand\foodstand_salad_jt_icon.dds"/>
         </UIAspect>
         <UIHelpInfo name="" short="" long="" help="" ids="entityname:foodstand_salad_jt"/>
         <on>
            <event msg="ZT_SETPLACEMENTOBJECT" data="BFString" string="foodstand_salad_jt"/>
         </on>
      </UIToggleButton>
      <UIButton name="overviewicon">
         <UIAspect>
            <default image="ui/zoomap/icon_food.dds"/>
         </UIAspect>
      </UIButton>
      <BFAIEntityDataShared s_uisort="hk" s_ProfileLock="junglelock" s_ItemsSold="Salad" b_CommerceBuilding="true" b_DonationAcceptor="false" s_Zoopedia="zoopedia:zoopedia_salad:entry" s_Theme="jungle"/>
      <ZTTriggeredEventsComponent>
         <Buy_Item>
            <nonbroadcast>
               <event msg="BFSND_PLAY_FROM_ENTITY" data="BFString" string="cash_register"/>
            </nonbroadcast>
         </Buy_Item>
      </ZTTriggeredEventsComponent>
      <ZTItemFilter>
      	<Include_OR b_Salad="true"/>
      </ZTItemFilter>
   </shared>
   <binder>
      <BFNamedBinder binderName="mainObj">
         <instance>
            <BFPhysObj>
               <BFSimpleLODComponent modelfile="entities/objects/buildings/Foodstand/ColdStand_jt.nif" minswitch="0 30 30 30 30"/>
               <BFGroundFitComponent heightOffset="0.0"/>
               <BFForceUpdateWhenVisibleComponent/>
            </BFPhysObj>
         </instance>
      </BFNamedBinder>
      <BFNamedBinder binderName="mist01">
         <instance>
            <BFPhysObj drawLast="true">
               <BFSimpleLODComponent modelfile="entities/objects/fx/Mist.nif" scale="0.25"/>
               <BFForceUpdateWhenVisibleComponent/>
               <BFHasParticleComponent/>
            </BFPhysObj>
         </instance>
      </BFNamedBinder>
      <BFNamedBinder binderName="mist02">
         <instance>
            <BFPhysObj drawLast="true">
               <BFSimpleLODComponent modelfile="entities/objects/fx/Mist.nif" scale="0.25"/>
               <BFForceUpdateWhenVisibleComponent/>
               <BFHasParticleComponent/>
            </BFPhysObj>
         </instance>
      </BFNamedBinder>
      <BFBinder>
         <instance>
            <ZTEconomyComponent cost="600" mergeKey="name">
               <ZTTransaction name="build" costType="parent" type="debit" category="construction"/>
               <ZTTransaction name="destroy" cost="80" costType="%parent" type="credit" category="recycling"/>
               <ZTTransaction name="upkeep" cost="50" period="monthly" type="debit" category="upkeep"/>
               <ZTTransaction name="Buy_Item" costIndex="1" costChoice="18 30 40" type="debit" category="concessions_food_drink" nextTransaction="add_user"/>
            </ZTEconomyComponent>
         </instance>
      </BFBinder>
      <BFBinder required="1">
         <instance>
            <BFBehaviorMgr behaviorVersion="1" physObj="Vendor">
               <subBehaviors>
                  <BFBehAnimate interruptible="true" physObj="Vendor" targetAnim="Stand_Idle" interruptFlag="true" loopFlag="true"/>
               </subBehaviors>
            </BFBehaviorMgr>
         </instance>
      </BFBinder>
   </binder>
</BFTypedBinder>
