<BFTypedBinder binderType="foodstand_water_df">
   <types>
      <entity>
         <building>
            <Foodstand>
               <foodstand_water>
                  <foodstand_water_df/>
               </foodstand_water>
            </Foodstand>
         </building>
      </entity>
   </types>
   <instance>
      <BFGEntity/>
   </instance>
   <shared>
      <UIToggleButton template="adopt">
         <UIAspect>
            <default image="entities\objects\buildings\Foodstand\foodstand_water_df_icon.dds"/>
         </UIAspect>
         <UIHelpInfo name="" short="" long="" help="" ids="entityname:foodstand_water"/>
         <on>
            <event msg="ZT_SETPLACEMENTOBJECT" data="BFString" string="foodstand_water_df"/>
         </on>
      </UIToggleButton>
      <UIToggleButton template="researchentity">
         <UIAspect>
            <default image="entities\objects\buildings\Foodstand\foodstand_water_df_icon.dds"/>
         </UIAspect>
         <on>
            <event msg="ZT_SETPLACEMENTOBJECT" data="BFString" string="foodstand_water_df"/>
         </on>
      </UIToggleButton>
      <UIButton name="overviewicon">
         <UIAspect>
            <default image="ui/zoomap/icon_drink.dds"/>
         </UIAspect>
      </UIButton>
      <BFAIEntityDataShared s_uisort="il" s_ItemsSold="Water" b_CommerceBuilding="true" b_DonationAcceptor="false" s_Zoopedia="zoopedia:zoopedia_sparklingwater:entry" f_researchUnlockTime="60" f_researchCost="200" f_FameReq="20"/>
      <ZTTriggeredEventsComponent>
         <Buy_Item>
            <nonbroadcast>
               <event msg="BFSND_PLAY_FROM_ENTITY" data="BFString" string="cash_register"/>
            </nonbroadcast>
         </Buy_Item>
      </ZTTriggeredEventsComponent>
      <ZTItemFilter>
      	<Include_OR b_Water="true"/>
      </ZTItemFilter>
   </shared>
   <binder>
      <BFNamedBinder binderName="mainObj">
         <instance>
            <BFPhysObj>
               <BFSimpleLODComponent modelfile="entities/objects/buildings/Foodstand/ColdStand_df.nif"/>
               <BFGroundFitComponent heightOffset="0.0"/>
            </BFPhysObj>
         </instance>
      </BFNamedBinder>
      <BFBinder>
         <instance>
            <ZTEconomyComponent cost="200" mergeKey="name">
               <ZTTransaction name="build" costType="parent" type="debit" category="construction"/>
               <ZTTransaction name="destroy" cost="80" costType="%parent" type="credit" category="recycling"/>
               <ZTTransaction name="upkeep" cost="25" period="monthly" type="debit" category="upkeep"/>
               <ZTTransaction name="Buy_Item" costIndex="1" costChoice="3 6 12" type="debit" category="concessions_food_drink" nextTransaction="add_user"/>
            </ZTEconomyComponent>
         </instance>
      </BFBinder>
   </binder>
</BFTypedBinder>
