<BFTypedBinder binderType="giftshop_df">
   <types>
      <entity>
         <building>
            <giftshop_df/>
         </building>
      </entity>
   </types>
   <instance>
      <BFGEntity entityVersion="1">
         <physObjParenting>
            <parentObj parent="mainObj" child="shadowObj" rottype="use" postype="ignore" attachnode="link"/>
            <parentObj parent="mainObj" child="shadowObj2" rottype="use" postype="ignore" attachnode="link"/>
            <parentObj parent="mainObj" child="signidle" rottype="use" postype="use" attachnode="Link_Sign"/>
            <parentObj parent="mainObj" child="signused" rottype="use" postype="use" attachnode="Link_Sign"/>
            <parentObj parent="mainObj" child="Vendor" rottype="use" postype="use" attachnode="Link_Vendor"/>
            <parentObj parent="mainObj" child="biomedetail_01" rottype="ignore" postype="use" attachnode="biomedetail_01"/>
            <parentObj parent="mainObj" child="biomedetail_02" rottype="ignore" postype="use" attachnode="biomedetail_02"/>
            <parentObj parent="mainObj" child="biomedetail_03" rottype="ignore" postype="use" attachnode="biomedetail_03"/>
            <parentObj parent="mainObj" child="biomedetail_04" rottype="ignore" postype="use" attachnode="biomedetail_04"/>
            <parentObj parent="mainObj" child="biomedetail_05" rottype="ignore" postype="use" attachnode="biomedetail_05"/>
            <parentObj parent="mainObj" child="biomedetail_06" rottype="ignore" postype="use" attachnode="biomedetail_06"/>
            <parentObj parent="mainObj" child="biomedetail_07" rottype="ignore" postype="use" attachnode="biomedetail_07"/>
            <parentObj parent="mainObj" child="biomedetail_08" rottype="ignore" postype="use" attachnode="biomedetail_08"/>
            <parentObj parent="mainObj" child="biomedetail_09" rottype="ignore" postype="use" attachnode="biomedetail_09"/>
            <parentObj parent="mainObj" child="biomedetail_10" rottype="ignore" postype="use" attachnode="biomedetail_10"/>
            <parentObj parent="mainObj" child="biomedetail_11" rottype="ignore" postype="use" attachnode="biomedetail_11"/>
            <parentObj parent="mainObj" child="biomedetail_12" rottype="ignore" postype="use" attachnode="biomedetail_12"/>
         </physObjParenting>
      </BFGEntity>
   </instance>
   <shared>
      <ZTPlacementData icon3Doffset="0 0 0.271995" icon3Dscale="0.185073" dockArrowStyle="special" dockArrowSize="1.5">
         <UIAspect>
            <default image="ui/zoomap/icon_bathroom.tga"/>
         </UIAspect>
      </ZTPlacementData>
      <UIToggleButton template="adopt">
         <UIAspect>
            <default image="entities\objects\buildings\giftshop_df\giftshop_df_icon.dds"/>
         </UIAspect>
         <UIHelpInfo name="" short="" long="" help="" ids="entityname:giftshop"/>
         <on>
            <event msg="ZT_SETPLACEMENTOBJECT" data="BFString" string="giftshop_df"/>
         </on>
      </UIToggleButton>
      <UIToggleButton template="researchentity">
         <UIAspect>
            <default image="entities\objects\buildings\giftshop_df\giftshop_df_icon.dds"/>
         </UIAspect>
         <on>
            <event msg="ZT_SETPLACEMENTOBJECT" data="BFString" string="giftshop_df"/>
         </on>
      </UIToggleButton>
      <UIButton name="overviewicon">
         <UIAspect>
            <default image="ui/zoomap/icon_gift.dds"/>
         </UIAspect>
      </UIButton>
      <BFAIEntityDataShared s_uisort="gm" s_ItemsSold="ZooHat BearGrizzly_Gift BearPolar_Gift BeaverAmerican_Gift Chimpanzee_Gift ElephantAfrican_Gift GorillaMountain_Gift LeopardSnow_Gift Okapi_Gift PandaGiant_Gift PandaRed_Gift " b_CommerceBuilding="true" b_DonationAcceptor="false" s_Zoopedia="zoopedia:zoopedia_giftshop:entry" f_researchUnlockTime="100" f_researchCost="800" f_FameReq="60"/>
      <ZTItemFilter>
      	<Include_OR b_RareGift="E true" b_Gift="E true"/>
      </ZTItemFilter>
      <ZTTriggeredEventsComponent>
         <Buy_Item>
            <nonbroadcast>
               <event msg="BFSND_PLAY_FROM_ENTITY" data="BFString" string="cash_register"/>
            </nonbroadcast>
         </Buy_Item>
      </ZTTriggeredEventsComponent>
   </shared>
   <binder>
      <BFBinder>
         <instance>
            <BFGPhysAnimController currState="idle" defaultState="idle">
               <stateList>
                  <idle parent="mainObj" child="signidle" rottype="use" postype="use" attachnode="Link_Sign"/>
                  <used parent="mainObj" child="signused" rottype="use" postype="use" attachnode="Link_Sign"/>
               </stateList>
            </BFGPhysAnimController>
         </instance>
      </BFBinder>
      <BFNamedBinder binderName="signidle">
         <instance>
            <BFPhysObj>
               <BFSimpleLODComponent modelfile="entities/objects/buildings/giftshop_df/giftshop_idle.nif" switch="0 15 30" minSwitch="0 0 10"/>
            </BFPhysObj>
         </instance>
      </BFNamedBinder>
      <BFNamedBinder binderName="signused" required="0">
         <instance>
            <BFPhysObj drawLast="true" useTriShapeGroup="false">
               <BFSimpleLODComponent modelfile="entities/objects/buildings/giftshop_df/giftshop_used.nif" initialTextKey="snd &quot;giftshopamb&quot; &quot;giftshop_loop&quot; looping"/>
               <BFForceUpdateWhenVisibleComponent controllersOnly="false"/>
               <BFAnimatedObjectControllerComponent autoStart="true" duration="2.0"/>
            </BFPhysObj>
         </instance>
      </BFNamedBinder>
      <BFNamedBinder binderName="shadowObj">
         <instance>
            <BFPhysObj>
               <BFMovingBlobShadowComponent shadowTexture="world\shadows\blob\square_blob.tga" baseNode="ShadowNode_01" width="10" minLength="10" maxLength="15" minOffset="0" maxOffset="4"/>
            </BFPhysObj>
         </instance>
      </BFNamedBinder>
      <BFNamedBinder binderName="shadowObj2">
         <instance>
            <BFPhysObj>
               <BFMovingBlobShadowComponent shadowTexture="world\shadows\blob\square_blob.tga" baseNode="ShadowNode_02" width="10" minLength="10" maxLength="15" minOffset="0" maxOffset="4"/>
            </BFPhysObj>
         </instance>
      </BFNamedBinder>
      <BFNamedBinder binderName="mainObj">
         <instance>
            <BFPhysObj>
               <BFSimpleLODComponent modelfile="entities/objects/buildings/giftshop_df/giftshop_df.nif" switch="0 20 45" minSwitch="0 0 20"/>
               <BFGroundFitComponent heightOffset="0.0"/>
            </BFPhysObj>
         </instance>
      </BFNamedBinder>
      <BFNamedBinder binderName="Vendor">
         <instance>
            <BFPhysObj>
               <BFActorComponent actorfile="entities\units\guests\AdultMale\Vendor_M.bfm" switch="0 5 10 15 20" minSwitch="0 0 0 5 10" activeSequenceName="Stand_Idle" activeSequenceLoop="true"/>
               <BFGroundFitComponent heightOffset="0.0"/>
            </BFPhysObj>
         </instance>
         <shared>
            <BFSharedPhysVars minDrawSetting="1"/>
         </shared>
      </BFNamedBinder>
      <BFNamedBinder binderName="biomedetail_01">
         <instance>
            <BFPhysObj>
               <BFDecorativeDetailObjectComponent lodDistances="5 15 25 35"/>
            </BFPhysObj>
         </instance>
      </BFNamedBinder>
      <BFNamedBinder binderName="biomedetail_02">
         <instance>
            <BFPhysObj>
               <BFDecorativeDetailObjectComponent lodDistances="5 15 25 35"/>
            </BFPhysObj>
         </instance>
      </BFNamedBinder>
      <BFNamedBinder binderName="biomedetail_03">
         <instance>
            <BFPhysObj>
               <BFDecorativeDetailObjectComponent lodDistances="5 15 25 35"/>
            </BFPhysObj>
         </instance>
      </BFNamedBinder>
      <BFNamedBinder binderName="biomedetail_04">
         <instance>
            <BFPhysObj>
               <BFDecorativeDetailObjectComponent lodDistances="5 15 25 35"/>
            </BFPhysObj>
         </instance>
      </BFNamedBinder>
      <BFNamedBinder binderName="biomedetail_05">
         <instance>
            <BFPhysObj>
               <BFDecorativeDetailObjectComponent lodDistances="5 15 25 35"/>
            </BFPhysObj>
         </instance>
      </BFNamedBinder>
      <BFNamedBinder binderName="biomedetail_06">
         <instance>
            <BFPhysObj>
               <BFDecorativeDetailObjectComponent lodDistances="5 15 25 35"/>
            </BFPhysObj>
         </instance>
      </BFNamedBinder>
      <BFNamedBinder binderName="biomedetail_07">
         <instance>
            <BFPhysObj>
               <BFDecorativeDetailObjectComponent lodDistances="5 15 25 35"/>
            </BFPhysObj>
         </instance>
      </BFNamedBinder>
      <BFNamedBinder binderName="biomedetail_08">
         <instance>
            <BFPhysObj>
               <BFDecorativeDetailObjectComponent lodDistances="5 15 25 35"/>
            </BFPhysObj>
         </instance>
      </BFNamedBinder>
      <BFNamedBinder binderName="biomedetail_09">
         <instance>
            <BFPhysObj>
               <BFDecorativeDetailObjectComponent lodDistances="5 15 25 35"/>
            </BFPhysObj>
         </instance>
      </BFNamedBinder>
      <BFNamedBinder binderName="biomedetail_10">
         <instance>
            <BFPhysObj>
               <BFDecorativeDetailObjectComponent lodDistances="5 15 25 35"/>
            </BFPhysObj>
         </instance>
      </BFNamedBinder>
      <BFNamedBinder binderName="biomedetail_11">
         <instance>
            <BFPhysObj>
               <BFDecorativeDetailObjectComponent lodDistances="5 15 25 35"/>
            </BFPhysObj>
         </instance>
      </BFNamedBinder>
      <BFNamedBinder binderName="biomedetail_12">
         <instance>
            <BFPhysObj>
               <BFDecorativeDetailObjectComponent lodDistances="5 15 25 35"/>
            </BFPhysObj>
         </instance>
      </BFNamedBinder>
      <BFNamedBinder binderName="Use_GiftShop">
         <instance>
            <BFGEntityContainer>
               <slots>
                  <BFGEntityContainerSlot targetNode="Dock_Enter" capacity="10"/>
               </slots>
            </BFGEntityContainer>
         </instance>
      </BFNamedBinder>
      <BFBinder>
         <instance>
            <ZTEconomyComponent cost="800">
               <ZTTransaction name="build" costType="parent" type="debit" category="construction"/>
               <ZTTransaction name="destroy" cost="80" costType="%parent" type="credit" category="recycling"/>
               <ZTTransaction name="upkeep" cost="50" period="monthly" type="debit" category="upkeep"/>
               <ZTTransaction name="Buy_Item" costIndex="1" costChoice="30 40 50" type="debit" category="concessions_gifts" nextTransaction="add_user"/>
               <ZTTransaction name="add_user" cost="1" type="addUser" category="user"/>
            </ZTEconomyComponent>
         </instance>
      </BFBinder>
   </binder>
</BFTypedBinder>
