<BFTypedBinder binderType="restaurant_family_df">
   <types>
      <entity>
         <building>
            <restaurant_family_df/>
         </building>
      </entity>
   </types>
   <instance>
      <BFGEntity entityVersion="1">
         <physObjParenting>
            <parentObj parent="mainObj" child="shadowObj" rottype="use" postype="ignore" attachnode="link"/>
            <parentObj parent="mainObj" child="shadowObj2" rottype="use" postype="ignore" attachnode="link"/>
            <parentObj parent="mainObj" child="Vendor" rottype="use" postype="use" attachnode="Link_Vendor"/>
            <parentObj parent="mainObj" child="signidle" rottype="use" postype="use" attachnode="link_sign"/>
            <parentObj parent="mainObj" child="signused" rottype="use" postype="use" attachnode="link_sign"/>
            <parentObj parent="mainObj" child="chimney" rottype="use" postype="use" attachnode="link_chimney"/>
            <parentObj parent="mainObj" child="fan" rottype="use" postype="use" attachnode="link_fan"/>
            <parentObj parent="mainObj" child="vent1" rottype="use" postype="use" attachnode="link_vent1"/>
            <parentObj parent="mainObj" child="vent2" rottype="use" postype="use" attachnode="link_vent2"/>
            <parentObj parent="mainObj" child="vent3" rottype="use" postype="use" attachnode="link_vent3"/>
            <parentObj parent="mainObj" child="acblock1" rottype="use" postype="use" attachnode="link_acblock1"/>
            <parentObj parent="mainObj" child="acblock2" rottype="use" postype="use" attachnode="link_acblock2"/>
            <parentObj parent="mainObj" child="porchlights" rottype="use" postype="use" attachnode="link_porchlights"/>
            <parentObj parent="chimney" child="smoke" rottype="ignore" postype="use" attachnode="Link_Smoke"/>
            <parentObj parent="mainObj" child="biomedetail_01" rottype="ignore" postype="use" attachnode="biomedetail_01"/>
            <parentObj parent="mainObj" child="biomedetail_02" rottype="ignore" postype="use" attachnode="biomedetail_02"/>
            <parentObj parent="mainObj" child="biomedetail_03" rottype="ignore" postype="use" attachnode="biomedetail_03"/>
            <parentObj parent="mainObj" child="biomedetail_04" rottype="ignore" postype="use" attachnode="biomedetail_04"/>
            <parentObj parent="mainObj" child="biomedetail_05" rottype="ignore" postype="use" attachnode="biomedetail_05"/>
            <parentObj parent="mainObj" child="biomedetail_06" rottype="ignore" postype="use" attachnode="biomedetail_06"/>
            <parentObj parent="mainObj" child="biomedetail_07" rottype="ignore" postype="use" attachnode="biomedetail_07"/>
            <parentObj parent="mainObj" child="biomedetail_08" rottype="ignore" postype="use" attachnode="biomedetail_08"/>
            <parentObj parent="mainObj" child="biomedetail_09" rottype="ignore" postype="use" attachnode="biomedetail_09"/>
            <parentObj parent="mainObj" child="biomedetail_10" rottype="ignore" postype="use" attachnode="biomedetail_10"/>
            <parentObj parent="mainObj" child="biomedetail_11" rottype="ignore" postype="use" attachnode="biomedetail_11"/>
            <parentObj parent="mainObj" child="biomedetail_12" rottype="ignore" postype="use" attachnode="biomedetail_12"/>
            <parentObj parent="mainObj" child="biomedetail_13" rottype="ignore" postype="use" attachnode="biomedetail_13"/>
            <parentObj parent="mainObj" child="biomedetail_14" rottype="ignore" postype="use" attachnode="biomedetail_14"/>
         </physObjParenting>
      </BFGEntity>
   </instance>
   <shared>
      <ZTPlacementData dockArrowStyle="special" dockArrowSize="1.5" icon3Doffset="0 -0.001465 0.554523" icon3Dscale="0.131081"/>
      <UIToggleButton template="adopt">
         <UIAspect>
            <default image="entities\objects\buildings\restaurant\restaurant_family_df_icon.dds"/>
         </UIAspect>
         <UIHelpInfo name="" short="" long="" help="" ids="entityname:restaurant_family"/>
         <on>
            <event msg="ZT_SETPLACEMENTOBJECT" data="BFString" string="restaurant_family_df"/>
         </on>
      </UIToggleButton>
      <UIToggleButton template="researchentity">
         <UIAspect>
            <default image="entities\objects\buildings\restaurant\restaurant_family_df_icon.dds"/>
         </UIAspect>
         <on>
            <event msg="ZT_SETPLACEMENTOBJECT" data="BFString" string="restaurant_family_df"/>
         </on>
      </UIToggleButton>
      <UIButton name="overviewicon">
         <UIAspect>
            <default image="ui/zoomap/icon_restaurant.dds"/>
         </UIAspect>
      </UIButton>
      <BFAIEntityDataShared s_uisort="mc" b_CommerceBuilding="true" b_DonationAcceptor="false" s_Zoopedia="zoopedia:zoopedia_kidsresto:entry" f_researchUnlockTime="100" f_researchCost="800" f_FameReq="60" s_ItemsSold="Hamburger Soda Icecream"/>
      <ZTTriggeredEventsComponent>
         <Buy_Item>
            <nonbroadcast>
               <event msg="BFSND_PLAY_FROM_ENTITY" data="BFString" string="cash_register"/>
            </nonbroadcast>
         </Buy_Item>
      </ZTTriggeredEventsComponent>
      <ZTItemFilter>
      	<Include_OR b_Hamburger="true" b_Soda="true" b_Icecream="true"/>
      </ZTItemFilter>
   </shared>
   <binder>
      <BFBinder>
         <instance>
            <BFGPhysAnimController currState="idle" defaultState="idle">
               <stateList>
                  <idle parent="mainObj" child="signidle" rottype="use" postype="use" attachnode="link_sign"/>
                  <used parent="mainObj" child="signused" rottype="use" postype="use" attachnode="link_sign"/>
               </stateList>
            </BFGPhysAnimController>
         </instance>
      </BFBinder>
      <BFNamedBinder binderName="shadowObj">
         <instance>
            <BFPhysObj>
               <BFMovingBlobShadowComponent shadowTexture="world\shadows\blob\square_blob.tga" baseNode="ShadowNode_01" width="17" minLength="17" maxLength="20" minOffset="0" maxOffset="5"/>
            </BFPhysObj>
         </instance>
      </BFNamedBinder>
      <BFNamedBinder binderName="shadowObj2">
         <instance>
            <BFPhysObj>
               <BFMovingBlobShadowComponent shadowTexture="world\shadows\blob\square_blob.tga" baseNode="ShadowNode_02" width="17" minLength="17" maxLength="20" minOffset="0" maxOffset="5"/>
            </BFPhysObj>
         </instance>
      </BFNamedBinder>
      <BFNamedBinder binderName="mainObj">
         <instance>
            <BFPhysObj>
               <BFSimpleLODComponent modelfile="entities/objects/buildings/restaurant/restaurant_base_df.nif"/>
            </BFPhysObj>
         </instance>
      </BFNamedBinder>
      <BFNamedBinder binderName="biomedetail_01">
         <instance>
            <BFPhysObj>
               <BFDecorativeDetailObjectComponent lodDistances="5 15 25 35"/>
            </BFPhysObj>
         </instance>
      </BFNamedBinder>
      <BFNamedBinder binderName="biomedetail_02">
         <instance>
            <BFPhysObj>
               <BFDecorativeDetailObjectComponent lodDistances="5 15 25 35"/>
            </BFPhysObj>
         </instance>
      </BFNamedBinder>
      <BFNamedBinder binderName="biomedetail_03">
         <instance>
            <BFPhysObj>
               <BFDecorativeDetailObjectComponent lodDistances="5 15 25 35"/>
            </BFPhysObj>
         </instance>
      </BFNamedBinder>
      <BFNamedBinder binderName="biomedetail_04">
         <instance>
            <BFPhysObj>
               <BFDecorativeDetailObjectComponent lodDistances="5 15 25 35"/>
            </BFPhysObj>
         </instance>
      </BFNamedBinder>
      <BFNamedBinder binderName="biomedetail_05">
         <instance>
            <BFPhysObj>
               <BFDecorativeDetailObjectComponent lodDistances="5 15 25 35"/>
            </BFPhysObj>
         </instance>
      </BFNamedBinder>
      <BFNamedBinder binderName="biomedetail_06">
         <instance>
            <BFPhysObj>
               <BFDecorativeDetailObjectComponent lodDistances="5 15 25 35"/>
            </BFPhysObj>
         </instance>
      </BFNamedBinder>
      <BFNamedBinder binderName="biomedetail_07">
         <instance>
            <BFPhysObj>
               <BFDecorativeDetailObjectComponent lodDistances="5 15 25 35"/>
            </BFPhysObj>
         </instance>
      </BFNamedBinder>
      <BFNamedBinder binderName="biomedetail_08">
         <instance>
            <BFPhysObj>
               <BFDecorativeDetailObjectComponent lodDistances="5 15 25 35"/>
            </BFPhysObj>
         </instance>
      </BFNamedBinder>
      <BFNamedBinder binderName="biomedetail_09">
         <instance>
            <BFPhysObj>
               <BFDecorativeDetailObjectComponent lodDistances="5 15 25 35"/>
            </BFPhysObj>
         </instance>
      </BFNamedBinder>
      <BFNamedBinder binderName="biomedetail_10">
         <instance>
            <BFPhysObj>
               <BFDecorativeDetailObjectComponent lodDistances="5 15 25 35"/>
            </BFPhysObj>
         </instance>
      </BFNamedBinder>
      <BFNamedBinder binderName="biomedetail_11">
         <instance>
            <BFPhysObj>
               <BFDecorativeDetailObjectComponent lodDistances="5 15 25 35"/>
            </BFPhysObj>
         </instance>
      </BFNamedBinder>
      <BFNamedBinder binderName="biomedetail_12">
         <instance>
            <BFPhysObj>
               <BFDecorativeDetailObjectComponent lodDistances="5 15 25 35"/>
            </BFPhysObj>
         </instance>
      </BFNamedBinder>
      <BFNamedBinder binderName="biomedetail_13">
         <instance>
            <BFPhysObj>
               <BFDecorativeDetailObjectComponent lodDistances="5 15 25 35"/>
            </BFPhysObj>
         </instance>
      </BFNamedBinder>
      <BFNamedBinder binderName="biomedetail_14">
         <instance>
            <BFPhysObj>
               <BFDecorativeDetailObjectComponent lodDistances="5 15 25 35"/>
            </BFPhysObj>
         </instance>
      </BFNamedBinder>
      <BFNamedBinder binderName="signidle">
         <instance>
            <BFPhysObj useTriShapeGroup="false">
               <BFSceneGraphComponent modelfile="entities/objects/buildings/restaurant/family_idle.nif"/>
               <BFForceUpdateWhenVisibleComponent controllersOnly="false"/>
               <BFAnimatedObjectControllerComponent autoStart="true" duration="2.0"/>
            </BFPhysObj>
         </instance>
      </BFNamedBinder>
      <BFNamedBinder binderName="signused" required="0">
         <instance>
            <BFPhysObj drawLast="true" useTriShapeGroup="false">
               <BFSceneGraphComponent modelfile="entities/objects/buildings/restaurant/family_used.nif" initialTextKey="snd &quot;cash_register&quot;">
                  <BFHasParticleComponent/>
               </BFSceneGraphComponent>
               <BFForceUpdateWhenVisibleComponent controllersOnly="false"/>
               <BFAnimatedObjectControllerComponent autoStart="true" duration="2.0"/>
            </BFPhysObj>
         </instance>
      </BFNamedBinder>
      <BFNamedBinder binderName="porchlights">
         <instance>
            <BFPhysObj>
               <BFSimpleLODComponent modelfile="entities/objects/buildings/restaurant/porchlights.nif"/>
            </BFPhysObj>
         </instance>
      </BFNamedBinder>
      <BFNamedBinder binderName="chimney">
         <instance>
            <BFPhysObj>
               <BFSimpleLODComponent modelfile="entities/objects/buildings/restaurant/chimney.nif"/>
            </BFPhysObj>
         </instance>
      </BFNamedBinder>
      <BFNamedBinder binderName="acblock1">
         <instance>
            <BFPhysObj>
               <BFSimpleLODComponent modelfile="entities/objects/buildings/Components/acblock.nif"/>
            </BFPhysObj>
         </instance>
      </BFNamedBinder>
      <BFNamedBinder binderName="acblock2">
         <instance>
            <BFPhysObj>
               <BFSimpleLODComponent modelfile="entities/objects/buildings/Components/acblock.nif"/>
            </BFPhysObj>
         </instance>
      </BFNamedBinder>
      <BFNamedBinder binderName="vent1">
         <instance>
            <BFPhysObj>
               <BFSimpleLODComponent modelfile="entities/objects/buildings/Components/ExhaustFan_df.nif"/>
            </BFPhysObj>
         </instance>
      </BFNamedBinder>
      <BFNamedBinder binderName="vent2">
         <instance>
            <BFPhysObj>
               <BFSimpleLODComponent modelfile="entities/objects/buildings/Components/ExhaustFan_df.nif"/>
            </BFPhysObj>
         </instance>
      </BFNamedBinder>
      <BFNamedBinder binderName="vent3">
         <instance>
            <BFPhysObj>
               <BFSimpleLODComponent modelfile="entities/objects/buildings/Components/ExhaustFan_df.nif"/>
            </BFPhysObj>
         </instance>
      </BFNamedBinder>
      <BFNamedBinder binderName="fan">
         <instance>
            <BFPhysObj>
               <BFSimpleLODComponent modelfile="entities/objects/buildings/Components/Intake_df.nif"/>
            </BFPhysObj>
         </instance>
      </BFNamedBinder>
      <BFNamedBinder binderName="smoke">
         <instance>
            <BFPhysObj drawLast="true">
               <BFSimpleLODComponent modelfile="entities/objects/fx/Smokestack_Medium.nif"/>
               <BFForceUpdateWhenVisibleComponent/>
               <BFHasParticleComponent/>
            </BFPhysObj>
         </instance>
      </BFNamedBinder>
      <BFNamedBinder binderName="Vendor">
         <instance>
            <BFPhysObj>
               <BFActorComponent actorfile="entities\units\guests\AdultMale\Vendor_M.bfm" switch="0 5 10 15 20" minSwitch="0 0 0 5 10" activeSequenceName="Stand_Idle" activeSequenceLoop="true"/>
               <BFGroundFitComponent heightOffset="0.0"/>
            </BFPhysObj>
         </instance>
         <shared>
            <BFSharedPhysVars minDrawSetting="1"/>
         </shared>
      </BFNamedBinder>
      <BFNamedBinder binderName="Use_Restaurant">
         <instance>
            <BFGEntityContainer>
               <slots>
                  <BFGEntityContainerSlot targetNode="Dock_Enter" capacity="6"/>
               </slots>
            </BFGEntityContainer>
         </instance>
      </BFNamedBinder>
      <BFBinder>
         <instance>
            <ZTEconomyComponent cost="500" mergeKey="name">
               <ZTTransaction name="build" costType="parent" type="debit" category="construction"/>
               <ZTTransaction name="destroy" cost="80" costType="%parent" type="credit" category="recycling"/>
               <ZTTransaction name="upkeep" cost="100" period="monthly" type="debit" category="upkeep"/>
               <ZTTransaction name="Buy_Item" costIndex="1" costChoice="12 21 30" type="debit" category="concessions_food_drink" nextTransaction="add_user"/>
               <ZTTransaction name="add_user" cost="1" type="addUser" category="user"/>
            </ZTEconomyComponent>
         </instance>
      </BFBinder>
   </binder>
</BFTypedBinder>
