<BFTypedBinder binderType="animal" abstract="true">
	<types>
		<entity>
			<actor>
				<animal />
			</actor>
		</entity>
	</types>
	<instance>
		<BFGEntity />
	</instance>
	<shared>
		<BFAIEntityDataShared f_MaxTourViewValue="60" b_BoundCheck="true" f_sensorRadius="48" p_PredatorFightOffset="0 -3 0" f_ResponseRadius="20" b_RespondToCursor="false" b_RespondToSlap="true" b_TurnToSlap="true" b_GeneratesTraversabilityInfo="true" f_NeedPointGoodDelta=".2" f_NeedPointBadDelta=".2" f_NeedPointUpdateInterval="3" f_NeedPointMax="100" f_adoptUnlockTime="27" f_adoptRemoveTime="0" f_adoptMinUnlockTime="15" s_DonateToken="t_Donation" f_EdNormal="5" f_EdDonNormal="10" s_WaitForPathBeh="Think" f_BaseDonationAmount="500" f_MaxSpeciesDonationFactor="1" b_HollowTreeStumpUser="false" b_BeaverLodgeUser="false" b_CubbingDenUser="false" b_ElephantHouseUser="false" b_ElevatedNestBoxUser="false" b_GiraffeHouseUser="false" b_GroundNestUser="false" b_GroundNestBuilder="false" b_BeaverLodgeBuilder="false" b_LargeConcreteShelterUser="false" b_LargeRockCaveUser="false" b_LargeSnowCaveUser="false" b_LargeStableUser="false" b_LargeWoodenShelterUser="false" b_RaisedSleepingPlatformUser="false" b_ShadeStructureUser="false" b_SleepingBasketUser="false" b_SmallConcreteShelterUser="false" b_SmallRockCaveUser="false" b_SmallSnowCaveUser="false" b_SmallStableUser="false" b_SmallWoodenShelterUser="false" b_SmallSnowCaveOddUser="false" b_LargeSnowCaveOddUser="false" b_GrasslandAnimal="false" b_SavannahAnimal="false" b_ScrubAnimal="false" b_TemperateForestAnimal="false" b_TropicalRainforestAnimal="false" b_TundraAnimal="false" b_WetlandsAnimal="false" b_AlpineAnimal="false" b_BorealForestAnimal="false" b_DesertAnimal="false" b_TreeRubber="false" b_TreeRammer="false" b_TreeScraper="false" b_TreeScratcher="false" b_TreePounder="false" b_HidesInPlants="false" b_ClimbsLogs="false" b_ClimbsLogsOdd="false" b_ScentMarksLogs="false" b_ScentMarksFoliage="false" b_TreeTrunkBrowser="false" b_WaterSurfaceFoliageBrowser="false" b_SniffsTroughs="false" b_SniffsMetalTroughs="false" b_SniffsHollowLogs="false" b_SniffsFoodDish="false" b_SniffsCarcass="false" b_ScentMarksLargeRocks="false" b_ScentMarksMediumRocks="false" b_SniffsScentedRocks="false" b_ClimbsLargeAlpineRockLarge="false" b_ClimbsLargeAlpineRockSmall="false" b_ClimbsMediumAlpineRockLarge="false" b_ClimbsMediumAlpineRockSmall="false" b_ClimbsLargeBorealForestRockLarge="false" b_ClimbsLargeBorealForestRockSmall="false" b_ClimbsMediumBorealForestRockLarge="false" b_ClimbsMediumBorealForestRockSmall="false" b_ClimbsLargeDesertRockLarge="false" b_ClimbsLargeDesertRockSmall="false" b_ClimbsMediumDesertRockLarge="false" b_ClimbsMediumDesertRockSmall="false" b_ClimbsLargeGrasslandRockLarge="false" b_ClimbsLargeGrasslandRockSmall="false" b_ClimbsMediumGrasslandRockLarge="false" b_ClimbsMediumGrasslandRockSmall="false" b_ClimbsLargeSavannahRockLarge="false" b_ClimbsLargeSavannahRockSmall="false" b_ClimbsMediumSavannahRockLarge="false" b_ClimbsMediumSavannahRockSmall="false" b_ClimbsLargeScrubRockLarge="false" b_ClimbsLargeScrubRockSmall="false" b_ClimbsMediumScrubRockLarge="false" b_ClimbsMediumScrubRockSmall="false" b_ClimbsLargeTemperateForestRockLarge="false" b_ClimbsLargeTemperateForestRockSmall="false" b_ClimbsMediumTemperateForestRockLarge="false" b_ClimbsMediumTemperateForestRockSmall="false" b_ClimbsLargeTropicalRainforestRockLarge="false" b_ClimbsLargeTropicalRainforestRockSmall="false" b_ClimbsMediumTropicalRainforestRockLarge="false" b_ClimbsMediumTropicalRainforestRockSmall="false" b_ClimbsLargeTundraRockLarge="false" b_ClimbsLargeTundraRockSmall="false" b_ClimbsMediumTundraRockLarge="false" b_ClimbsMediumTundraRockSmall="false" b_ClimbsLargeWetlandsRockLarge="false" b_ClimbsLargeWetlandsRockSmall="false" b_ClimbsMediumWetlandsRockLarge="false" b_ClimbsMediumWetlandsRockSmall="false" b_AlpineOdd="false" b_BorealForestOdd="false" b_DesertOdd="false" b_GrasslandOdd="false" b_SavannahOdd="false" b_ScrubOdd="false" b_TemperateForestOdd="false" b_TropicalRainforestOdd="false" b_TundraOdd="false" b_WetlandsOdd="false" b_ClimbsBirchTree="false" b_PerchesBirchTree="false" b_ClimbsWeepingMyallTree="false" b_ClimbsYellowFeverAcaciaTree="false" b_ClimbsTremblingAspenTree="false" b_ClimbsUmbrellaAcaciaTree="false" b_ClimbsOrchidTree="false" b_PerchesOrchidTree="false" b_ClimbsTreeFern="false" b_ClimbsKilyTree="false" b_PerchesKilyTree="false" b_SitsKilyTree="false" b_PicksFruitFromKilyTree="false" b_ClimbsMapleTree="false" b_PerchesMapleTree="false" b_ClimbsKapokTree="false" b_PerchesKapokTree="false" b_ClimbsFoxtailPalmTree="false" b_ClimbsDatePalmTree="false" b_ClimbsElephantEarTree="false" b_PerchesElephantEarTree="false" b_ClimbsAcaciaCaffraTree="false" b_ClimbsBananaTree="false" b_PicksFruitFromBananaTree="false" b_ClimbsBaobabTree="false" b_AppleTreatEater="false" b_BeefShankEater="false" b_PicksUpBeefShank="false" b_ScratchPostScratcher="false " b_ScratchPostRubber=" false" b_RubberToyUser="false " b_PicksUpRubberToy="false " b_RattleBallUser="false " b_PicksUpRattleBall="false " b_PursuitBallUser="false " b_PoleRopeIceBlockUser="false " b_PlasticBarrelUser="false " b_PeanutFeederUser="false " b_MonkeyBarsUser=" false" b_LookoutPostUser="false " b_PerchesLookoutPost=" false" b_UsesMediumIceFloeSmall="false " b_UsesMediumIceFloeLarge=" false" b_GnawsOnMediumIceFloe="false " b_UsesLargeIceFloeLarge="false " b_UsesLargeIceFloeSmall="false " b_GnawsOnLargeIceFloe="false " b_IceBlockCarrotUser=" false" b_IceBlockUser="false " b_HeatedRockUser="false " b_FigEater="false " b_EaselUser="false " b_CarTireUser="false " b_CarrotEater="false " b_BoneUser="false " b_PicksUpBone="false " b_BallUser="false " b_PicksUpBall=" false" b_SaltLickUser="false" b_PicksUpElephantLog="false" b_PicksUpFeederBall="false" b_FeederBallUser="false" b_EatsFromFeederBall="false" b_ClimbsEvergreenOak="false" b_LargeBorealBurrowUser="false" b_SmallBorealBurrowUser="false" b_LargeDesertBurrowUser="false" b_SmallDesertBurrowUser="false" b_LargeScrubBurrowUser="false" b_SmallScrubBurrowUser="false" b_EucalyptusEater="false" s_GenerateName="bySpecies" b_Pees="true">
			<BFAINeedAdjusts hunger="0.33" thirst="0.33" rest="0.33" bathroom="0" hygiene="0" exercise="0.33" lifespan="0.0075" privacy="-0.01" reproduction="0.25" social="0.33" stimulation="0.33" />
			<BFAIScriptData Name="doState" File="entities/units/animals/ai/dostate.lua" Entry="doState" />
		</BFAIEntityDataShared>
		<ZTPlacementData deletable="false" gridSnap="false" randomRotate="false" displayFootprint="false">
			<stompData>
				<allow>
					<wildflowers />
					<grass />
					<fungi />
					<bush />
					<thicket />
				</allow>
				<prevent>
					<log />
					<flowerbed />
				</prevent>
			</stompData>
		</ZTPlacementData>
		<ZTAIViewComponent>
			<viewDataTable>
				<ZTAIViewData name="Neg_10" viewScore="-90" tourScore="-18" donateScore="-500" entScore="-100" />
				<ZTAIViewData name="Neg_9" viewScore="-80" tourScore="-16" donateScore="-400" entScore="-90" />
				<ZTAIViewData name="Neg_8" viewScore="-70" tourScore="-14" donateScore="-300" entScore="-80" />
				<ZTAIViewData name="Neg_7" viewScore="-60" tourScore="-12" donateScore="-200" entScore="-70" />
				<ZTAIViewData name="Neg_6" viewScore="-50" tourScore="-10" donateScore="-100" entScore="-60" />
				<ZTAIViewData name="Neg_5" viewScore="-40" tourScore="-8" donateScore="-90" entScore="-50" />
				<ZTAIViewData name="Neg_4" viewScore="-30" tourScore="-6" donateScore="-90" entScore="-40" />
				<ZTAIViewData name="Neg_3" viewScore="-20" tourScore="-4" donateScore="-50" entScore="-30" />
				<ZTAIViewData name="Neg_2" viewScore="-10" tourScore="-2" donateScore="-16" entScore="-20" />
				<ZTAIViewData name="Neg_1" viewScore="-5" tourScore="-1" donateScore="-4" entScore="-10" />
				<ZTAIViewData name="Midpoint" viewScore="0" tourScore="0" donateScore="0" entScore="0" />
				<ZTAIViewData name="DPos_3" viewScore="0" tourScore="0" donateScore="15" entScore="30" />
				<ZTAIViewData name="DPos_4" viewScore="0" tourScore="0" donateScore="30" entScore="40" />
				<ZTAIViewData name="DPos_5" viewScore="0" tourScore="0" donateScore="50" entScore="50" />
				<ZTAIViewData name="DPos_6" viewScore="0" tourScore="0" donateScore="75" entScore="60" />
				<ZTAIViewData name="Pos_1" viewScore="-1" tourScore="20" donateScore="0" entScore="10" />
				<ZTAIViewData name="Pos_2" viewScore="1" tourScore="30" donateScore="1" entScore="20" />
				<ZTAIViewData name="Pos_3" viewScore="5" tourScore="40" donateScore="60" entScore="30" />
				<ZTAIViewData name="Pos_4" viewScore="10" tourScore="40" donateScore="100" entScore="40" />
				<ZTAIViewData name="Pos_5" viewScore="15" tourScore="50" donateScore="130" entScore="50" />
				<ZTAIViewData name="Pos_6" viewScore="20" tourScore="50" donateScore="160" entScore="60" />
				<ZTAIViewData name="Pos_7" viewScore="30" tourScore="50" donateScore="190" entScore="70" />
				<ZTAIViewData name="Pos_8" viewScore="40" tourScore="60" donateScore="220" entScore="80" />
				<ZTAIViewData name="Pos_9" viewScore="50" tourScore="60" donateScore="260" entScore="90" />
				<ZTAIViewData name="Pos_10" viewScore="60" tourScore="80" donateScore="300" entScore="100" />
			</viewDataTable>
		</ZTAIViewComponent>
		<ZTSharedFeedbackData>
			<ZTFeedbackData name="smell">
				<data>
					<ZTFeedbackDataSet>
						<ZTEmoticonInfo emoticonName="EmoteTrashbad" />
						<ZTThoughtInfo locID="guestthoughts:SmellTerrible" priority="1" timeout="60" />
						<ZTMessageInfo locID="zoomessages:DirtyExhibitAnimal" priority="-1" timeout="15" interval="60" global="true" useEntityName="true" />
					</ZTFeedbackDataSet>
				</data>
			</ZTFeedbackData>
		</ZTSharedFeedbackData>
		<ZTAISharedInfluenceWatcher>
			<ZTAIInfluenceEffectData Category="smell" Update="5.0" FeedbackDataName="smell" FeedbackChance="50">
				<sensitivity>
					<bad value="-10" />
					<good value="10" />
			                <wolfethiopian value="-10"/>
			                <ratel value="-10"/>
				</sensitivity>
				<range Max="-3" FeedbackIndex="0">
					<BFAISubjectData health="5" />
				</range>
			</ZTAIInfluenceEffectData>
		</ZTAISharedInfluenceWatcher>
	</shared>
	<binder>
		<BFBinder required="1">
			<instance>
				<BFAICognitiveMgr>
					<Sensors>
						<ZTAISensor />
						<BFAISensorSelf />
						<ZTAISensorLand />
						<ZTAISensorExplore sensorTag="explore" ExplorableObjectRefreshInterval="50" ExploreNeedResetValue="100" />
						<ZTAISensorTA sensorTag="habitat" />
					</Sensors>
					<StateThinkers>
						<ZTAIStateThinker mergeKey="Name">
							<BFAIStateVar Name="hunger" Value="" ValueMin="20" ValueMax="50" CessationThreshold="30" TriggerThreshold="40" CriticalThreshold="90" DisplayThreshold="20" PressingThreshold="70" />
							<BFAIStateVar Name="thirst" Value="" ValueMin="30" ValueMax="60" CessationThreshold="30" TriggerThreshold="40" CriticalThreshold="90" DisplayThreshold="20" PressingThreshold="70" />
							<BFAIStateVar Name="rest" Value="" ValueMin="10" ValueMax="30" CessationThreshold="1" TriggerThreshold="40" CriticalThreshold="90" DisplayThreshold="1" PressingThreshold="70" />
							<BFAIStateVar Name="exercise" Value="" ValueMin="20" ValueMax="50" CessationThreshold="40" TriggerThreshold="50" CriticalThreshold="90" DisplayThreshold="20" PressingThreshold="70" />
							<BFAIStateVar Name="health" Value="" ValueMin="0" ValueMax="0" CessationThreshold="0" TriggerThreshold="50" CriticalThreshold="90" DisplayThreshold="20" PressingThreshold="70" />
							<BFAIStateVar Name="privacy" Value="" ValueMin="40" ValueMax="60" CessationThreshold="40" TriggerThreshold="50" CriticalThreshold="90" DisplayThreshold="30" PressingThreshold="70" Advanced="true" />
							<BFAIStateVar Name="environment" Value="25" CessationThreshold="-1" TriggerThreshold="50" CriticalThreshold="90" DisplayThreshold="30" PressingThreshold="70" />
							<BFAIStateVar Name="bathroom" Value="" ValueMin="0" ValueMax="0" CessationThreshold="1" TriggerThreshold="30" CriticalThreshold="90" />
							<BFAIStateVar Name="lifespan" Value="" ValueMin="0" ValueMax="0" CessationThreshold="0" TriggerThreshold="0" CriticalThreshold="90" Advanced="true" />
							<BFAIStateVar Name="biome" Value="0" CessationThreshold="-1" TriggerThreshold="0" CriticalThreshold="101" Advanced="true" />
							<BFAIStateVar Name="space" Value="0" CessationThreshold="-1" TriggerThreshold="0" CriticalThreshold="101" Advanced="true" />
							<BFAIStateVar Name="hygiene" Value="" ValueMin="40" ValueMax="60" CessationThreshold="15" TriggerThreshold="20" CriticalThreshold="90" Advanced="true" DisplayThreshold="20" PressingThreshold="70" />
							<BFAIStateVar Name="reproduction" Value="" ValueMin="10" ValueMax="20" CessationThreshold="40" TriggerThreshold="50" CriticalThreshold="90" Advanced="true" DisplayThreshold="20" PressingThreshold="70" />
							<BFAIStateVar Name="social" Value="" ValueMin="40" ValueMax="60" CessationThreshold="15" TriggerThreshold="20" CriticalThreshold="90" Advanced="true" DisplayThreshold="20" PressingThreshold="70" />
							<BFAIStateVar Name="stimulation" Value="" ValueMin="40" ValueMax="60" CessationThreshold="15" TriggerThreshold="20" CriticalThreshold="90" Advanced="true" DisplayThreshold="20" PressingThreshold="70" />
							<BFAIStateVar Name="explore" Value="" ValueMin="40" ValueMax="100" CessationThreshold="1" TriggerThreshold="20" CriticalThreshold="101" Advanced="true" DisplayThreshold="20" PressingThreshold="0" />
						</ZTAIStateThinker>
					</StateThinkers>
					<TaskThinkers>
						<ZTAITaskThinker />
					</TaskThinkers>
				</BFAICognitiveMgr>
			</instance>
			<shared>
				<BFAICogShared>
					<BFAINoPerceive>
						<fence />
						<path />
						<building />
						<scenery />
						<entrance />
						<AnimalCrate />
						<item />
					</BFAINoPerceive>
				</BFAICogShared>
			</shared>
		</BFBinder>
		<BFBinder required="1">
			<instance>
				<BFAIEntityDataInstance f_needPointsGood="0" f_needPointsBad="0" f_needPointsGoodCum="0" f_needPointsBadCum="0" b_Escaped="false" s_name="unnamed" />
			</instance>
		</BFBinder>
		<BFBinder required="1">
			<instance>
				<ZTPhotoAnalysisComponent />
			</instance>
		</BFBinder>
		<BFBinder required="1">
			<instance>
				<BFLocomotionMgr />
			</instance>
			<binder>
				<BFNamedBinder binderName="ground" required="1">
					<instance>
						<BFLocoAnimate version="1">
							<stop name="Stand" />
							<slow name="Walk" />
							<medium name="Walk" />
							<fast name="Run" />
							<evade name="Run" minAnimSpeed=".8" maxAnimSpeed="1.4" />
						</BFLocoAnimate>
					</instance>
				</BFNamedBinder>
			</binder>
		</BFBinder>
		<BFNamedBinder binderName="hunger" required="1">
			<instance>
				<ZTAIStaffRequestController attribName="hunger" thresholdValue="70" testType="4" cancelThresholdValue="60" cancelTestType="1">
					<ZTStaffRequestData tokenKey="t_FeedAnimal" subjectType="Keeper" priority="4" />
				</ZTAIStaffRequestController>
			</instance>
		</BFNamedBinder>
		<BFNamedBinder binderName="thirst" required="1">
			<instance>
				<ZTAIStaffRequestController attribName="thirst" thresholdValue="70" testType="4" cancelThresholdValue="60" cancelTestType="1">
					<ZTStaffRequestData tokenKey="t_WaterAnimal" subjectType="Keeper" priority="4" />
				</ZTAIStaffRequestController>
			</instance>
		</BFNamedBinder>
		<BFNamedBinder binderName="dirty" required="1">
			<instance>
				<ZTAIStaffRequestController attribName="hygiene" thresholdValue="90" testType="4" cancelThresholdValue="80" cancelTestType="1">
					<ZTStaffRequestData tokenKey="t_CleanAnimal" subjectType="Keeper" priority="4.5" />
				</ZTAIStaffRequestController>
			</instance>
		</BFNamedBinder>
		<BFNamedBinder binderName="sick" required="1">
			<instance>
				<ZTAIStaffRequestController attribName="health" thresholdValue="50" testType="4" cancelThresholdValue="40" cancelTestType="1">
					<ZTStaffRequestData tokenKey="t_HealAnimal" subjectType="Keeper" priority="2" />
				</ZTAIStaffRequestController>
			</instance>
		</BFNamedBinder>
		<BFNamedBinder binderName="escaped" required="1">
			<instance>
				<ZTAIStaffRequestController attribName="b_Escaped" thresholdValue="true" testType="0" cancelThresholdValue="false" cancelTestType="0">
					<ZTStaffRequestData tokenKey="t_CrateAnimal" subjectType="Keeper" priority="1" />
				</ZTAIStaffRequestController>
			</instance>
		</BFNamedBinder>
		<BFBinder>
			<instance>
				<BFGEnvironmentComponent updatePeriod="2.0" />
			</instance>
		</BFBinder>
		<BFBinder required="1">
			<instance>
				<ZTAIInfluenceWatcher />
			</instance>
		</BFBinder>
		<BFNamedBinder binderName="mainObj">
			<instance>
				<BFPhysObj>
					<BFActorComponent useDecalsInLow="false" />
					<BFDistanceCullComponent firstPersonOnly="true" cullDistance="120" />
				</BFPhysObj>
			</instance>
		</BFNamedBinder>
	</binder>
</BFTypedBinder>
