<BFTypedBinder binderType="BearPolar_Adult_M">
   <types>
      <entity>
         <actor>
            <animal>
               <Mammalia>
                  <Carnivora>
                     <Ursidae>
                        <BearPolar>
                           <BearPolar_Adult>
                              <BearPolar_Adult_M/>
                           </BearPolar_Adult>
                        </BearPolar>
                     </Ursidae>
                  </Carnivora>
               </Mammalia>
            </animal>
         </actor>
      </entity>
   </types>
   <instance>
      <BFGEntity/>
   </instance>
   <shared>
      <UIToggleButton template="adopt">
         <on>
            <event msg="ZT_SETPLACEMENTOBJECT" data="BFString" string="BearPolar_Adult_M"/>
         </on>
      </UIToggleButton>
      <BFAIEntityDataShared b_Male="1" f_adoptCount="rand(1,1)"/>
   </shared>
   <binder>
      <BFNamedBinder binderName="mainObj">
         <instance>
            <BFPhysObj>
               <BFActorComponent actorfile="entities/units/animals/BearPolar/BearPolar_Adult_F.bfm"/>
            </BFPhysObj>
         </instance>
      </BFNamedBinder>
   </binder>
</BFTypedBinder>