<BFTypedBinder binderType="BearPolar" abstract="true">
	<types>
		<entity>
			<actor>
				<animal>
					<Mammalia>
						<Carnivora>
							<Ursidae>
								<BearPolar />
							</Ursidae>
						</Carnivora>
					</Mammalia>
				</animal>
			</actor>
		</entity>
	</types>
	<instance>
		<BFGEntity />
	</instance>
	<shared>
		<UIToggleButton template="adopt">
			<UIAspect>
				<default image="entities\units\animals\BearPolar\BearPolar_Adult_F_icon.dds" />
			</UIAspect>
			<UIHelpInfo ids="entityname:BearPolar" />
			<on>
				<event msg="ZT_SETPLACEMENTOBJECT" data="BFString" string="BearPolar_Adult_F" />
			</on>
		</UIToggleButton>
		<ZTPlacementData waterPlacement="true" icon3Doffset="0 0 1.25" icon3Dscale=".64" />
		<BFAIEntityDataShared f_BaseDonationAmount="100" f_MaxTourValue="50" s_DonateToken="t_DonateBearPolar" s_Species="BearPolar" s_Endangerment="LowRisk" b_Advanced="true" p_NurseNode="0 -1 90" p_PoleRopeNode="0 -2.5 180" f_ResponseRadius="35" b_RespondToCursor="true" b_Carnivore="true" b_Piscivore="true" s_KeeperEatType="Terrain_Fish" b_LargeAnimal="true" b_TroughEater="true" b_MetalTroughEater="true" b_FoodDishEater="true" s_KeeperDrinkType="FoodDish_Water" f_adoptRemoveTime="0" f_adoptRarity="60" s_Zoopedia="zoopedia:zoopedia_polarbear:entry" f_RequiredInitialSpace="320" f_RequiredAdditionalSpace="80" p_PursuitBallNode="0 -3 180" p_HollowLogDock="0 -2.5 180" b_CubbingDenUser="true" b_RaisedSleepingPlatformUser="true" b_SmallWoodenShelterUser="true" b_SmallSnowCaveUser="true" b_SmallRockCaveUser="true" b_SmallConcreteShelterUser="true" b_LargeSnowCaveUser="true" b_LargeRockCaveUser="true" b_LargeConcreteShelterUser="true" b_TundraAnimal="true" b_SniffsTroughs="true" b_SniffsMetalTroughs="true" b_SniffsCarcass="true" b_SniffsFoodDish="true" b_ClimbsLargeWetlandsRockLarge="true" b_WetlandsOdd="true" b_ClimbsLargeTropicalRainforestRockLarge="true" b_TropicalRainforestOdd="true" b_ClimbsMediumTemperateForestRockLarge="true" b_TemperateForestOdd="true" b_ClimbsLargeTemperateForestRockLarge="true" b_ClimbsMediumScrubRockLarge="true" b_ScrubOdd="true" b_ClimbsLargeScrubRockLarge="true" b_ClimbsMediumSavannahRockLarge="true" b_SavannahOdd="true" b_ClimbsLargeSavannahRockLarge="true" b_GrasslandOdd="true" b_ClimbsMediumGrasslandRockLarge="true" b_ClimbsLargeGrasslandRockLarge="true" b_DesertOdd="true" b_ClimbsMediumDesertRockLarge="true" b_ClimbsLargeDesertRockLarge="true" b_ClimbsMediumBorealForestRockLarge="true" b_BorealForestOdd="true" b_ClimbsLargeBorealForestRockLarge="true" b_AlpineOdd="true" b_ClimbsMediumAlpineRockLarge="true" b_ClimbsLargeAlpineRockLarge="true" b_BeefShankEater="true" b_RubberToyUser="true" b_RattleBallUser="true" b_PursuitBallUser="true" b_PoleRopeIceBlockUser="true" b_PlasticBarrelUser="true" b_UsesMediumIceFloeSmall="true" b_UsesMediumIceFloeLarge="true" b_GnawsOnMediumIceFloe="true" b_UsesLargeIceFloeLarge="true" b_GnawsOnLargeIceFloe="true" b_HeatedRockUser="true" b_CarTireUser="true" b_BallUser="true" b_FeederBallUser="true" p_FightOffset="0 -2.75 180" p_PreyOffset="0 1 0">
			<BFAINeedAdjusts privacy="0" />
		</BFAIEntityDataShared>
		<BFGBiomeData location="tundra_arctic" locationSensitivity="10">
			<alpine sensitivity="2" />
			<borealforest sensitivity="0" />
			<desert sensitivity="-10" />
			<grassland sensitivity="0" />
			<temperateforest sensitivity="0" />
			<tropicalrainforest sensitivity="-10" />
			<tundra sensitivity="10" primary="true" />
			<savannah sensitivity="-5" />
			<scrub sensitivity="-5" />
			<wetlands sensitivity="-5" />
		</BFGBiomeData>
		<ZTUserStaffAction>
			<SetAttribute name="hygiene" value="0" threshold="20" locid="superstaff:animal_wash" effect="SuperStaffWashLarge" />
			<SetAttribute name="health" value="0" threshold="20" locid="superstaff:animal_heal" />
		</ZTUserStaffAction>
	</shared>
	<binder>
		<BFNamedBinder binderName="mainObj">
			<instance>
				<BFPhysObj>
					<BFShadowLODComponent numLevels="2" switchingDists="18.0 60.0" />
					<BFActorComponent actorfile="entities/units/animals/BearPolar/BearPolar_Adult_F.bfm" scale="1" />
					<BF4LegsGroundFitComponent heightOffset="-.05" maxRollError=".2" maxPitchError=".1" maxHeightError=".5" pitchGain="1.0" heightGain="6.0" rollGain="1.0" bicyclePointBack="bp2" bicyclePointFront="bp1" frontBuoyancyNode="Node_Buoy" backBuoyancyNode="Node_Buoy_Back" />
					<BFLegFitComponent maxLegRaise="2.0" leftFrontHipJoint="Bip01 L UpperArm" leftFrontKneeJoint="Bip01 L ForeArm" leftFrontAnkleJoint="Bip01 L Hand" rightFrontHipJoint="Bip01 R UpperArm" rightFrontKneeJoint="Bip01 R ForeArm" rightFrontAnkleJoint="Bip01 R Hand" leftBackHipJoint="Bip01 L Thigh" leftBackKneeJoint="Bip01 L Calf" leftBackAnkleJoint="Bip01 L Foot" rightBackHipJoint="Bip01 R Thigh" rightBackKneeJoint="Bip01 R Calf" rightBackAnkleJoint="Bip01 R Foot" ankleRotVectorLeftFront="0 0 -1" ankleRotVectorRightFront="0 0 -1" ankleRotVectorRightBack="0 0 -1" ankleRotVectorLeftBack="0 0 -1" hipRaiseVectorLeftFront="-1 0 0" hipRaiseVectorRightFront="1 0 0" hipRaiseVectorLeftBack="0 0 1" hipRaiseVectorRightBack="0 0 1" kneeRaiseVectorLeftFront="0 0 1" kneeRaiseVectorRightFront="0 0 1" kneeRaiseVectorLeftBack="0 0 1" kneeRaiseVectorRightBack="0 0 1" legFitModeLeftFront="1" legFitModeRightFront="1" legFitModeRightBack="1" legFitModeLeftBack="1" anklePitchVector="0 -1 0" maxLOD="1" />
					<BFSecondaryAnimComponent animName="Secondary_EarA" frequency="1.5" chance="40" validAnims="Stand_ClimbFence,Stand_Chuff,Stand_Drop,Stand_GroomYoung,Stand_Idle,Stand_Jump,Stand_NudgeObject,Stand_NudgeObjectA,Stand_Nuzzle,Stand_Pant,Stand_PickUp,Stand_Pounce,Stand_ShuffleGeneric,Stand_SniffA,Stand_SniffB,Stand_TurnLeft180,Stand_TurnLeft90,Stand_TurnRight90,Stand_Yawn,Stand_YawnA,Eat_A,Eat_B,Eat_Drink,EatTrough_Idle,Fish_Idle,Graze_Idle,Graze_Drink,Lie_Yawn,Lie_Idle,Lie_C,Lie_B,Lie_A,LieBelly_Idle,LieBellyPaws_Idle,Pee_Idle,Poop_Idle,Sit_Idle,Sit_Growl,Sit_Yawn,StandBi-TurnRightA,StandBi_TurnLeftA,StandBi_SniffA,StandBi_SniffB,StandBi_LookRight,StandBi_LookLeft,StandBi_Idle,StandObject_Idle,StandObject_TurnLeft180,StandObject_TurnLeft90,StandObject_TurnRight90,Walk_Ahead,Walk_Sniff,Walk_TurnLeftA,Walk_TurnLeftB,Walk_TurnRightA,Walk_TurnRightB" />
					<BFSecondaryAnimComponent animName="Secondary_EarB" frequency="1.5" chance="40" validAnims="Stand_ClimbFence,Stand_Chuff,Stand_Drop,Stand_GroomYoung,Stand_Idle,Stand_Jump,Stand_NudgeObject,Stand_NudgeObjectA,Stand_Nuzzle,Stand_Pant,Stand_PickUp,Stand_Pounce,Stand_ShuffleGeneric,Stand_SniffA,Stand_SniffB,Stand_TurnLeft180,Stand_TurnLeft90,Stand_TurnRight90,Stand_Yawn,Stand_YawnA,Eat_A,Eat_B,Eat_Drink,EatTrough_Idle,Fish_Idle,Graze_Idle,Graze_Drink,Lie_Yawn,Lie_Idle,Lie_C,Lie_B,Lie_A,LieBelly_Idle,LieBellyPaws_Idle,Pee_Idle,Poop_Idle,Sit_Idle,Sit_Growl,Sit_Yawn,StandBi-TurnRightA,StandBi_TurnLeftA,StandBi_SniffA,StandBi_SniffB,StandBi_LookRight,StandBi_LookLeft,StandBi_Idle,StandObject_Idle,StandObject_TurnLeft180,StandObject_TurnLeft90,StandObject_TurnRight90,Walk_Ahead,Walk_Sniff,Walk_TurnLeftA,Walk_TurnLeftB,Walk_TurnRightA,Walk_TurnRightB" />
					<BFSecondaryAnimComponent animName="Secondary_MouthA" frequency="1.5" chance="40" validAnims="Stand_ClimbFence,Stand_Drop,Stand_Idle,Stand_Jump,Stand_Pounce,Stand_ShuffleGeneric,Stand_TurnLeft180,Stand_TurnLeft90,Stand_TurnRight90,Lie_Idle,Lie_C,Lie_B,Lie_A,LieBelly_Idle,Pee_Idle,Poop_Idle,Run_Ahead,Sit_Idle,StandBi-TurnRightA,StandBi_TurnLeftA,StandBi_LookRight,StandBi_LookLeft,StandBi_Idle,StandObject_Idle,StandObject_TurnLeft180,StandObject_TurnLeft90,StandObject_TurnRight90,Walk_Ahead,Walk_Sniff,Walk_TurnLeftA,Walk_TurnLeftB,Walk_TurnRightA,Walk_TurnRightB" />
					<BFForwardMovingComponent />
					<BFRotYawMovingComponent />
					<BFCollisionComponent grid="Bip01 Spine1" />
					<BFGridCollisionComponent />
					<BFDecalTextureCycleComponent materialName="7 - Default">
						<Step imageName="entities/units/animals/shared/tiger_blink_blank.dds" hold="3.0" variance="0.5" />
						<Step imageName="entities/units/animals/shared/tiger_blink02.dds" hold="0.08" variance="" />
						<Step imageName="entities/units/animals/shared/tiger_blink.dds" hold="0.1" variance="" />
						<Step imageName="entities/units/animals/shared/tiger_blink02.dds" hold="0.08" variance="" />
					</BFDecalTextureCycleComponent>
					<BFHeadLookComponent leftRightAnimName="Secondary_Headlook" lookDirNode="Bip01 Head" lookDirVector="0 1 0" gain_z="-2" fov_extreme_lr="90.0" />
					<BFSwimComponent waterInDistance="0.50" waterOutDistance="0.1" />
				</BFPhysObj>
			</instance>
			<shared>
				<BFTextTagMacrosComponent>
					<MACROS>
						<macro name="JumpOnHeatedRock" text="anim &apos;Stand_Jump&apos;" />
						<macro name="Walky" text="anim &apos;Walk_Ahead&apos;" />
						<macro name="Walky2Standy" text="anim &apos;Walk_2Stand&apos;, anim&apos;Stand_Idle&apos;" />
						<macro name="Stand2LieBelly" text="anim &apos;Stand_2Sit&apos;, anim &apos;Sit_Idle&apos;" />
						<macro name="LieBelly2Stand" text="anim &apos;Stand_Idle&apos;" />
						<macro name="Standy2Walky" text="anim &apos;Stand_2Walk&apos;, anim &apos;Walk_TurnLeftA&apos;" />
						<macro name="LieOnBelly" text="anim &apos;Sit_Idle&apos;" />
						<macro name="JumpOnRock" text="as 100 1, anim &apos;Stand_Jump&apos;" />
						<macro name="TurnLeft180" text="anim &apos;Stand_TurnLeft90&apos;, anim &apos;Stand_TurnLeft90&apos;" />
						<macro name="TurnRight180" text="anim &apos;Stand_TurnRight90&apos;, anim &apos;Stand_TurnRight90&apos;" />
						<macro name="TurnLeft90" text="anim &apos;Stand_TurnLeft90&apos;" />
						<macro name="TurnRight90" text="anim &apos;Stand_TurnRight90&apos;" />
						<macro name="Stand2Swimming" text="anim &apos;Stand_2Swim_Jump&apos;" />
					</MACROS>
				</BFTextTagMacrosComponent>
			</shared>
		</BFNamedBinder>
		<BFBinder required="1">
			<instance>
				<BFBehaviorMgr behaviorVersion="1">
					<subBehaviors>
						<BFBehLocoSwitchSet loopFlag="true">
							<behaviorTable>
								<ground behSet="Stand_Idle" />
								<water behSet="TreadWater_Idle" />
							</behaviorTable>
						</BFBehLocoSwitchSet>
					</subBehaviors>
				</BFBehaviorMgr>
			</instance>
		</BFBinder>
		<BFBinder required="1">
			<instance>
				<BFLocomotionMgr />
			</instance>
			<binder>
				<BFNamedBinder binderName="ground" required="1">
					<instance>
						<BFLocoAnimate version="1" stationaryAnim="Stand_Idle">
							<stop name="Stand" />
							<slow name="Walk" />
							<medium name="Walk" />
							<fast name="Run" />
							<stalk name="Stalk" />
							<evade name="Run" minAnimSpeed=".8" maxAnimSpeed="1.4" />
						</BFLocoAnimate>
					</instance>
				</BFNamedBinder>
				<BFNamedBinder binderName="water" required="1">
					<instance>
						<BFLocoAnimate version="1" stationaryAnim="TreadWater_Idle">
							<stop name="TreadWater" />
							<slow name="Swim" />
							<medium name="Swim" />
							<fast name="Swim" />
							<stalk name="Swim" />
							<evade name="Swim" minAnimSpeed=".8" maxAnimSpeed="1.4" />
						</BFLocoAnimate>
					</instance>
				</BFNamedBinder>
			</binder>
		</BFBinder>
		<BFNamedBinder binderName="mouth" required="1">
			<instance>
				<BFGEntityContainer>
					<slots>
						<BFGEntityContainerSlot ownContents="false" hideContents="false" capacity="1" />
					</slots>
				</BFGEntityContainer>
			</instance>
		</BFNamedBinder>
		<BFNamedBinder binderName="foodprop" repopulateMethod="byName" required="1">
			<instance>
				<BFGEntityContainer>
					<slots>
						<BFGEntityContainerSlot ownContents="false" hideContents="false" capacity="1" />
					</slots>
				</BFGEntityContainer>
			</instance>
		</BFNamedBinder>
		<BFBinder>
			<instance>
				<ZTEconomyComponent cost="10000">
					<ZTTransaction name="build" costType="parent" type="debit" category="animal" />
				</ZTEconomyComponent>
			</instance>
		</BFBinder>
	</binder>
</BFTypedBinder>
