﻿<BFTypedBinder binderType="BearSpectacled_Adult" abstract="true">
	<types>
		<entity>
			<actor>
				<animal>
					<Mammalia>
						<Carnivora>
							<Ursidae>
								<BearSpectacled>
									<BearSpectacled_Adult />
								</BearSpectacled>
							</Ursidae>
						</Carnivora>
					</Mammalia>
				</animal>
			</actor>
		</entity>
	</types>
	<instance>
		<BFGEntity entityVersion="1">
			<physObjParenting>
				<parentObj parent="mainObj" child="shadowObj" rottype="use" postype="ignore" attachnode="link" />
				<parentObj parent="mainObj" child="shadowObj2" rottype="use" postype="ignore" attachnode="link" />
				<parentObj parent="mainObj" child="shadowObj3" rottype="use" postype="ignore" attachnode="link" />
				<parentObj parent="mainObj" child="shadowObj4" rottype="use" postype="ignore" attachnode="link" />
				<parentObj parent="mainObj" child="shadowObj5" rottype="use" postype="ignore" attachnode="link" />
				<parentObj parent="mainObj" child="shadowObj6" rottype="use" postype="ignore" attachnode="link" />
			</physObjParenting>
		</BFGEntity>
	</instance>
	<shared>
		<BFAIEntityDataShared f_viewBonus="50" b_Adult="1" p_PredatorOffset="0 -2 0" b_Territorial="true" s_MorphMessage="zoomessages:AnimalPuberty" f_MorphMessagePriority="1" f_MorphMessageDuration="30" b_XLargePrey="true" />
	</shared>
	<binder>
		<BFNamedBinder binderName="shadowObj">
			<instance>
				<BFPhysObj>
					<BFMovingBlobShadowComponent minLODLevel="0" maxLODLevel="0" shadowTexture="world\shadows\blob\round_blob3.tga" baseNode="Bip01 L Toe0" width="0.65" intensity="0.2" />
				</BFPhysObj>
			</instance>
		</BFNamedBinder>
		<BFNamedBinder binderName="shadowObj2">
			<instance>
				<BFPhysObj>
					<BFMovingBlobShadowComponent minLODLevel="0" maxLODLevel="0" shadowTexture="world\shadows\blob\round_blob3.tga" baseNode="Bip01 R Toe0" width="0.65" intensity="0.2" />
				</BFPhysObj>
			</instance>
		</BFNamedBinder>
		<BFNamedBinder binderName="shadowObj3">
			<instance>
				<BFPhysObj>
					<BFMovingBlobShadowComponent minLODLevel="0" maxLODLevel="0" shadowTexture="world\shadows\blob\round_blob3.tga" baseNode="Bip01 R Finger0" width="0.65" intensity="0.2" />
				</BFPhysObj>
			</instance>
		</BFNamedBinder>
		<BFNamedBinder binderName="shadowObj4">
			<instance>
				<BFPhysObj>
					<BFMovingBlobShadowComponent minLODLevel="0" maxLODLevel="0" shadowTexture="world\shadows\blob\round_blob3.tga" baseNode="Bip01 L Finger0" width="0.65" intensity="0.2" />
				</BFPhysObj>
			</instance>
		</BFNamedBinder>
		<BFNamedBinder binderName="shadowObj5">
			<instance>
				<BFPhysObj>
					<BFMovingBlobShadowComponent minLODLevel="0" maxLODLevel="1" shadowTexture="world\shadows\blob\round_blob3.tga" baseNode="Bip01 Neck" width="1" length="1.5" intensity="0.35" />
				</BFPhysObj>
			</instance>
		</BFNamedBinder>
		<BFNamedBinder binderName="shadowObj6">
			<instance>
				<BFPhysObj>
					<BFMovingBlobShadowComponent minLODLevel="0" maxLODLevel="1" shadowTexture="world\shadows\blob\round_blob3.tga" baseNode="Bip01 Spine" width="0.9" length="1.2" intensity="0.4" />
				</BFPhysObj>
			</instance>
		</BFNamedBinder>
		<BFNamedBinder binderName="texController" required="1">
			<instance>
				<BFAITextureController currState="well" defaultState="well">
					<attribList>
						<health />
						<hygiene />
					</attribList>
					<stateList>
						<sickanddirty>
							<attribData>
								<health minRange="70" maxRange="101" />
								<hygiene minRange="80" maxRange="101" />
							</attribData>
							<textureData>
								<mainObj material="Body" image="entities\units\animals\BearSpectacled\BearSpectacled_Adult_F_Sick_Dirty.dds" />
							</textureData>
						</sickanddirty>
						<sick>
							<attribData>
								<health minRange="70" maxRange="101" />
							</attribData>
							<textureData>
								<mainObj material="Body" image="entities\units\animals\BearSpectacled\BearSpectacled_Adult_F_Sick.dds" />
							</textureData>
						</sick>
						<dirty>
							<attribData>
								<hygiene minRange="80" maxRange="101" />
							</attribData>
							<textureData>
								<mainObj material="Body" image="entities\units\animals\BearSpectacled\BearSpectacled_Adult_F_Dirty.dds" />
							</textureData>
						</dirty>
						<well>
							<textureData>
								<mainObj material="Body" image="entities\units\animals\BearSpectacled\BearSpectacled_Adult_F.dds" />
							</textureData>
						</well>
					</stateList>
				</BFAITextureController>
			</instance>
		</BFNamedBinder>
		<BFBinder required="1">
			<instance>
				<BFLocomotionMgr />
			</instance>
			<binder>
				<BFNamedBinder binderName="ground" required="1">
					<instance>
						<BFLocoAnimate version="1" stationaryAnim="Stand_Idle">
							<stop name="Stand" />
							<slow name="Walk" />
							<medium name="Walk" />
							<fast name="Run" />
							<stalk name="Stalk" />
						</BFLocoAnimate>
					</instance>
				</BFNamedBinder>
				<BFNamedBinder binderName="groundcarry" required="1">
					<instance>
						<BFLocoAnimate version="1" stationaryAnim="StandObject_Idle">
							<stop name="StandObject" />
							<slow name="WalkObject" />
							<medium name="WalkObject" />
							<fast name="RunObject" />
						</BFLocoAnimate>
					</instance>
				</BFNamedBinder>
				<BFNamedBinder binderName="water" required="1">
					<instance>
						<BFLocoAnimate version="1" stationaryAnim="TreadWater_Idle">
							<stop name="TreadWater" />
							<slow name="Swim" />
							<medium name="Swim" />
							<fast name="Swim" />
							<stalk name="Swim" />
						</BFLocoAnimate>
					</instance>
				</BFNamedBinder>
				<BFNamedBinder binderName="watercarry" required="1">
					<instance>
						<BFLocoAnimate version="1" stationaryAnim="TreadWaterObject_Idle">
							<stop name="TreadWaterObject" />
							<slow name="SwimObject" />
							<medium name="SwimObject" />
							<fast name="SwimObject" />
						</BFLocoAnimate>
					</instance>
				</BFNamedBinder>
			</binder>
		</BFBinder>
		<BFBinder required="1">
			<instance>
				<BFGCollisionTester escapeBuffer="0.25" radius=".5" motionClass="swimmer" waterScore="10" landScore="0" maxSlope=".75" />
			</instance>
		</BFBinder>
	</binder>
</BFTypedBinder>
