﻿<BFTypedBinder binderType="BearSpectacled_Young" abstract="true">
	<types>
		<entity>
			<actor>
				<animal>
					<Mammalia>
						<Carnivora>
							<Ursidae>
								<BearSpectacled>
									<BearSpectacled_Young />
								</BearSpectacled>
							</Ursidae>
						</Carnivora>
					</Mammalia>
				</animal>
			</actor>
		</entity>
	</types>
	<instance>
		<BFGEntity entityVersion="1">
			<physObjParenting>
				<parentObj parent="mainObj" child="shadowObj" rottype="use" postype="ignore" attachnode="link" />
				<parentObj parent="mainObj" child="shadowObj2" rottype="use" postype="ignore" attachnode="link" />
				<parentObj parent="mainObj" child="shadowObj3" rottype="use" postype="ignore" attachnode="link" />
				<parentObj parent="mainObj" child="shadowObj4" rottype="use" postype="ignore" attachnode="link" />
				<parentObj parent="mainObj" child="shadowObj5" rottype="use" postype="ignore" attachnode="link" />
				<parentObj parent="mainObj" child="shadowObj6" rottype="use" postype="ignore" attachnode="link" />
			</physObjParenting>
		</BFGEntity>
	</instance>
	<shared>
		<ZTPlacementData icon3Doffset="0 0 1.250000" icon3Dscale="0.470806" />
		<ZTDevComponent />
		<BFAIEntityDataShared f_viewBonus="55" b_Adult="0" p_NodeNurse="0 -2 180" b_MediumPrey="true">
			<BFAINeedAdjusts health="0.25" stimulation="0.33" exercise="0.33" reproduction="0" />
		</BFAIEntityDataShared>
	</shared>
	<binder>
		<BFNamedBinder binderName="shadowObj">
			<instance>
				<BFPhysObj>
					<BFMovingBlobShadowComponent minLODLevel="0" maxLODLevel="0" shadowTexture="world\shadows\blob\round_blob3.tga" baseNode="Bip01 L Toe0" width="0.35" intensity="0.2" />
				</BFPhysObj>
			</instance>
		</BFNamedBinder>
		<BFNamedBinder binderName="shadowObj2">
			<instance>
				<BFPhysObj>
					<BFMovingBlobShadowComponent minLODLevel="0" maxLODLevel="0" shadowTexture="world\shadows\blob\round_blob3.tga" baseNode="Bip01 R Toe0" width="0.35" intensity="0.2" />
				</BFPhysObj>
			</instance>
		</BFNamedBinder>
		<BFNamedBinder binderName="shadowObj3">
			<instance>
				<BFPhysObj>
					<BFMovingBlobShadowComponent minLODLevel="0" maxLODLevel="0" shadowTexture="world\shadows\blob\round_blob2.tga" baseNode="Bip01 R Finger0" width="0.35" intensity="0.2" />
				</BFPhysObj>
			</instance>
		</BFNamedBinder>
		<BFNamedBinder binderName="shadowObj4">
			<instance>
				<BFPhysObj>
					<BFMovingBlobShadowComponent minLODLevel="0" maxLODLevel="0" shadowTexture="world\shadows\blob\round_blob3.tga" baseNode="Bip01 L Finger0" width="0.35" intensity="0.2" />
				</BFPhysObj>
			</instance>
		</BFNamedBinder>
		<BFNamedBinder binderName="shadowObj5">
			<instance>
				<BFPhysObj>
					<BFMovingBlobShadowComponent minLODLevel="0" maxLODLevel="1" shadowTexture="world\shadows\blob\round_blob3.tga" baseNode="Bip01 Neck" width="0.6" length="1" intensity="0.35" />
				</BFPhysObj>
			</instance>
		</BFNamedBinder>
		<BFNamedBinder binderName="shadowObj6">
			<instance>
				<BFPhysObj>
					<BFMovingBlobShadowComponent minLODLevel="0" maxLODLevel="1" shadowTexture="world\shadows\blob\round_blob3.tga" baseNode="Bip01 Spine" width="0.7" length="1" intensity="0.4" />
				</BFPhysObj>
			</instance>
		</BFNamedBinder>
		<BFNamedBinder binderName="mainObj">
			<instance>
				<BFPhysObj>
					<BFActorComponent actorfile="entities/units/animals/BearSpectacled/BearSpectacled_Young_F.bfm" scale="0.35" />
					<BFDecalTextureCycleComponent materialName="SpectacledBear">
						<Step imageName="entities/units/animals/shared/tiger_blink_blank.dds" hold="3.0" variance="0.5" />
						<Step imageName="entities/units/animals/shared/tiger_blink02.dds" hold="0.08" variance="" />
						<Step imageName="entities/units/animals/shared/tiger_blink.dds" hold="0.1" variance="" />
						<Step imageName="entities/units/animals/shared/tiger_blink02.dds" hold="0.08" variance="" />
					</BFDecalTextureCycleComponent>
				</BFPhysObj>
			</instance>
		</BFNamedBinder>
		<BFNamedBinder binderName="texController" required="1">
			<instance>
				<BFAITextureController currState="well" defaultState="well">
					<attribList>
						<health />
						<hygiene />
					</attribList>
					<stateList>
						<sickanddirty>
							<attribData>
								<health minRange="70" maxRange="101" />
								<hygiene minRange="80" maxRange="101" />
							</attribData>
							<textureData>
								<mainObj material="SpectacledBear" image="entities\units\animals\BearSpectacled\BearSpectacled_Adult_F_Sick_Dirty.dds" />
							</textureData>
						</sickanddirty>
						<sick>
							<attribData>
								<health minRange="70" maxRange="101" />
							</attribData>
							<textureData>
								<mainObj material="SpectacledBear" image="entities\units\animals\BearSpectacled\BearSpectacled_Adult_F_Sick.dds" />
							</textureData>
						</sick>
						<dirty>
							<attribData>
								<hygiene minRange="80" maxRange="101" />
							</attribData>
							<textureData>
								<mainObj material="SpectacledBear" image="entities\units\animals\BearSpectacled\BearSpectacled_Adult_F_Dirty.dds" />
							</textureData>
						</dirty>
						<well>
							<textureData>
								<mainObj material="SpectacledBear" image="entities\units\animals\BearSpectacled\BearSpectacled_Young_F.dds" />
							</textureData>
						</well>
					</stateList>
				</BFAITextureController>
			</instance>
		</BFNamedBinder>
		<BFBinder required="1">
			<instance>
				<BFAICognitiveMgr>
					<Sensors>
						<ZTAISensor />
						<BFAISensorSelf />
						<ZTAISensorLand />
						<ZTAISensorTA sensorTag="habitat" />
					</Sensors>
					<StateThinkers>
						<ZTAIStateThinker mergeKey="Name">
							<BFAIStateVar Name="reproduction" Value="" ValueMin="0" ValueMax="0" CessationThreshold="90" TriggerThreshold="90" CriticalThreshold="90" Advanced="true" />
						</ZTAIStateThinker>
					</StateThinkers>
					<TaskThinkers>
						<ZTAITaskThinker />
					</TaskThinkers>
				</BFAICognitiveMgr>
			</instance>
			<shared>
				<BFAICogShared>
					<BFAINoPerceive>
						<fence />
						<path />
						<entrance />
					</BFAINoPerceive>
				</BFAICogShared>
			</shared>
		</BFBinder>
		<BFBinder required="1">
			<instance>
				<BFGCollisionTester escapeBuffer="0.125" radius=".25" motionClass="swimmer" waterScore="0" landScore="0" maxSlope=".75" />
			</instance>
		</BFBinder>
		<BFNamedBinder binderName="checkup" required="1">
			<instance>
				<ZTAIStaffRequestController attribName="health" thresholdValue="30" testType="4" cancelThresholdValue="20" cancelTestType="1">
					<ZTStaffRequestData tokenKey="t_CheckupBaby" subjectType="Keeper" priority="5" />
				</ZTAIStaffRequestController>
			</instance>
		</BFNamedBinder>
		<BFBinder required="1">
			<instance>
				<BFAIEntityDataInstance f_needPointsGood="50" />
			</instance>
		</BFBinder>
	</binder>
</BFTypedBinder>
