<BFTypedBinder binderType="BeaverAmerican_Adult_M">
   <types>
      <entity>
         <actor>
            <animal>
               <Mammalia>
                  <Rodentia>
                     <Castoridae>
                        <BeaverAmerican>
                           <BeaverAmerican_Adult>
                              <BeaverAmerican_Adult_M/>
                           </BeaverAmerican_Adult>
                        </BeaverAmerican>
                     </Castoridae>
                  </Rodentia>
               </Mammalia>
            </animal>
         </actor>
      </entity>
   </types>
   <instance>
      <BFGEntity/>
   </instance>
   <shared>
      <UIToggleButton template="adopt">
         <on>
            <event msg="ZT_SETPLACEMENTOBJECT" data="BFString" string="BeaverAmerican_Adult_M"/>
         </on>
      </UIToggleButton>
      <BFAIEntityDataShared b_Male="1" f_adoptCount="rand(1,2)"/>
   </shared>
</BFTypedBinder>