<BFTypedBinder binderType="BeaverAmerican_Adult_F">
   <types>
      <entity>
         <actor>
            <animal>
               <Mammalia>
                  <Rodentia>
                     <Castoridae>
                        <BeaverAmerican>
                           <BeaverAmerican_Adult>
                              <BeaverAmerican_Adult_F/>
                           </BeaverAmerican_Adult>
                        </BeaverAmerican>
                     </Castoridae>
                  </Rodentia>
               </Mammalia>
            </animal>
         </actor>
      </entity>
   </types>
   <instance>
      <BFGEntity/>
   </instance>
   <shared>
      <BFAIEntityDataShared b_Male="0" f_adoptCount="rand(1,2)"/>
   </shared>
   <binder>
      <BFBinder required="1">
         <instance>
            <BFAIEntityDataInstance b_Pregnant="false"/>
         </instance>
      </BFBinder>
   </binder>
</BFTypedBinder>