﻿<BFTypedBinder binderType="BeaverAmerican" abstract="true">
	<types>
		<entity>
			<actor>
				<animal>
					<Mammalia>
						<Rodentia>
							<Castoridae>
								<BeaverAmerican />
							</Castoridae>
						</Rodentia>
					</Mammalia>
				</animal>
			</actor>
		</entity>
	</types>
	<instance>
		<BFGEntity entityVersion="1">
			<physObjParenting>
				<parentObj parent="mainObj" child="shadowObj" rottype="use" postype="ignore" attachnode="link" />
			</physObjParenting>
		</BFGEntity>
	</instance>
	<shared>
		<UIToggleButton template="adopt">
			<UIAspect>
				<default image="entities/units/animals/BeaverAmerican/BeaverAmerican_Adult_F_icon.dds" />
			</UIAspect>
			<UIHelpInfo ids="entityname:BeaverAmerican" />
			<on>
				<event msg="ZT_SETPLACEMENTOBJECT" data="BFString" string="BeaverAmerican_Adult_F" />
			</on>
		</UIToggleButton>
		<ZTPlacementData icon3Doffset="0 -0.036017 0.954023" icon3Dscale="0.781694" waterPlacement="true" />
		<BFAIEntityDataShared f_BaseDonationAmount="100" f_MaxTourValue="50" s_DonateToken="t_DonateBeaverAmerican" p_NurseNode=".10 -.5 90" p_BrowseTreeNode="-1 0 0" p_MarkScentNode=".45 -1 0" p_GroomNode="0 -.75 0" p_PreyOffset="0 1 0" s_Species="BeaverAmerican" s_Endangerment="Vulnerable" b_Medium="true" b_Folivore="true" b_Ambivore="true" s_KeeperEatType="Terrain_Branches" b_SubstratePileEater="true" b_SmallAnimal="true" b_FoodDishEater="true" s_KeeperDrinkType="FoodDish_Water" f_adoptRemoveTime="0" f_adoptRarity="60" s_Zoopedia="zoopedia:zoopedia_beaver:entry" f_RequiredInitialSpace="280" f_RequiredAdditionalSpace="40" b_BeaverLodgeUser="true" b_WetlandsAnimal="true" b_TreeTrunkBrowser="true" b_Browser="true" p_FightOffset="0 -.5 180" b_SmallPrey="true" />
		<BFGBiomeData location="wetland_northamerica" locationSensitivity="10">
			<alpine sensitivity="-5" />
			<borealforest sensitivity="0" />
			<desert sensitivity="0" />
			<grassland sensitivity="0" />
			<temperateforest sensitivity="2" />
			<tropicalrainforest sensitivity="-5" />
			<tundra sensitivity="-10" />
			<savannah sensitivity="2" />
			<scrub sensitivity="2" />
			<wetlands sensitivity="10" primary="true" />
		</BFGBiomeData>
		<ZTUserStaffAction>
			<SetAttribute name="hygiene" value="0" threshold="20" locid="superstaff:animal_groom" effect="SuperStaffGroom" />
			<SetAttribute name="health" value="0" threshold="20" locid="superstaff:animal_heal" effect="SuperStaffHeal" />
		</ZTUserStaffAction>
	</shared>
	<binder>
		<BFNamedBinder binderName="mainObj">
			<instance>
				<BFPhysObj>
					<BFShadowLODComponent numLevels="1" switchingDists="60.0" />
					<BFActorComponent actorfile="entities/units/animals/BeaverAmerican/BeaverAmerican_Adult_F.bfm" scale="0.75" />
					<BFSwimComponent waterInDistance="0.50" waterOutDistance="0.1" />
					<BF4LegsGroundFitComponent heightOffset="0" maxRollError=".2" maxPitchError=".1" maxHeightError=".5" pitchGain="2.00" heightGain="6.0" rollGain="1.0" bicyclePointBack="Bip01" bicyclePointFront="Bip01 Neck" backBuoyancyNode="Node_Buoy_Back" frontBuoyancyNode="Node_Buoy" />
					<BFLegFitComponent maxLegRaise="2.0" leftFrontHipJoint="Bip01 L Forearm" leftFrontKneeJoint="Bip01 L Hand" leftFrontAnkleJoint="Bip01 L Finger0" rightFrontHipJoint="Bip01 R Forearm" rightFrontKneeJoint="Bip01 R Hand" rightFrontAnkleJoint="Bip01 R Finger0" leftBackHipJoint="Bip01 L Thigh" leftBackKneeJoint="Bip01 L Calf" leftBackAnkleJoint="Bip01 L Foot" rightBackHipJoint="Bip01 R Thigh" rightBackKneeJoint="Bip01 R Calf" rightBackAnkleJoint="Bip01 R Foot" ankleRotVectorLeftFront="0 1 0" ankleRotVectorRightFront="0 -1 0" ankleRotVectorRightBack="0 0 -1" ankleRotVectorLeftBack="0 0 -1" hipRaiseVectorLeftFront="0 0 1" hipRaiseVectorRightFront="0 0 1" hipRaiseVectorLeftBack="0 0 1" hipRaiseVectorRightBack="0 0 1" kneeRaiseVectorLeftFront="0 0 1" kneeRaiseVectorRightFront="0 0 1" kneeRaiseVectorLeftBack="0 0 1" kneeRaiseVectorRightBack="0 0 1" legFitModeLeftFront="0" legFitModeRightFront="0" legFitModeRightBack="1" legFitModeLeftBack="1" anklePitchVector="0 -1 0" maxLOD="1" />
					<BFSecondaryAnimComponent animName="Secondary_TailA" frequency="1.5" chance="40" validAnims="Stand_Idle,Browse_Idle,Run_2Stand,Stand_Grunt,Stand_LookLeft,Stand_LookRight,Stand_Whistle,StandObject_Idle" />
					<BFSecondaryAnimComponent animName="Secondary_EarA" frequency="1.5" chance="40" validAnims="Stand_Idle,Browse_Idle,Lie_Idle,Poop_Idle,Stand_LookLeft,Stand_LookRight,Stand_Sniff,Stand_TurnLeft180,Stand_TurnLeft90,Stand_TurnRight90,Stand_Whimper,Stand_Whistle,StandObject_Idle,Sit_Grunt,Sit_Hiss,Sit_Idle,Sit_LookLeft,Sit_LookRight" />
					<BFForwardMovingComponent />
					<BFRotYawMovingComponent />
					<BFCollisionComponent grid="Bip01 Spine1" />
					<BFGridCollisionComponent />
					<BFDecalTextureCycleComponent materialName="BeaverAmerican_Adult_F_MTL">
						<Step imageName="entities/units/animals/shared/tiger_blink_blank.dds" hold="3.0" variance="0.5" />
						<Step imageName="entities/units/animals/shared/tiger_blink02.dds" hold="0.08" variance="" />
						<Step imageName="entities/units/animals/shared/tiger_blink.dds" hold="0.1" variance="" />
						<Step imageName="entities/units/animals/shared/tiger_blink02.dds" hold="0.08" variance="" />
					</BFDecalTextureCycleComponent>
					<BFHeadLookComponent leftRightAnimName="Secondary_HeadLook" lookDirNode="Bip01 Head" lookDirVector="0 1 0" gain_z="-2" fov_extreme_lr="90.0" />
				</BFPhysObj>
			</instance>
		</BFNamedBinder>
		<BFBinder required="1">
			<instance>
				<BFBehaviorMgr behaviorVersion="1">
					<subBehaviors>
						<BFBehLocoSwitchSet loopFlag="true">
							<behaviorTable>
								<ground behSet="Stand_Idle" />
								<water behSet="TreadWater_Idle" />
							</behaviorTable>
						</BFBehLocoSwitchSet>
					</subBehaviors>
				</BFBehaviorMgr>
			</instance>
			<shared>
				<BFTextTagMacrosComponent>
					<MACROS>
						<macro name="Walky" text="anim &apos;Walk_Ahead&apos;" />
						<macro name="Walky2Standy" text="anim &apos;Walk_2Stand&apos;, anim&apos;Stand_Idle&apos;" />
						<macro name="Stand2LieBelly" text="anim &apos;Stand_2Lie&apos;, anim &apos;Lie_Idle&apos;" />
						<macro name="LieBelly2Stand" text="anim &apos;Lie_2Stand&apos;, anim &apos;Stand_Idle&apos;" />
						<macro name="Standy2Walky" text="anim &apos;Stand_2Walk&apos;, anim &apos;Walk_TurnLeftA&apos;" />
						<macro name="LieOnBelly" text="anim &apos;Lie_Idle&apos;" />
						<macro name="TurnLeft180" text="anim &apos;Stand_TurnLeft180&apos;" />
						<macro name="TurnRight180" text="anim &apos;Stand_TurnRight90&apos;, anim &apos;Stand_TurnRight90&apos;" />
						<macro name="TurnLeft90" text="anim &apos;Stand_TurnLeft90&apos;" />
						<macro name="TurnRight90" text="anim &apos;Stand_TurnRight90&apos;" />
					</MACROS>
				</BFTextTagMacrosComponent>
			</shared>
		</BFBinder>
		<BFBinder required="1">
			<instance>
				<BFLocomotionMgr />
			</instance>
			<binder>
				<BFNamedBinder binderName="groundcarry" required="1">
					<instance>
						<BFLocoAnimate version="1" stationaryAnim="StandObject_Idle">
							<stop name="StandObject" />
							<slow name="WalkObject" />
							<medium name="WalkObject" />
							<fast name="WalkObject" />
						</BFLocoAnimate>
					</instance>
				</BFNamedBinder>
				<BFNamedBinder binderName="water" required="1">
					<instance>
						<BFLocoAnimate version="1" stationaryAnim="TreadWater_Idle">
							<stop name="TreadWater" />
							<slow name="Swim" />
							<medium name="Swim" />
							<fast name="Swim" />
						</BFLocoAnimate>
					</instance>
				</BFNamedBinder>
				<BFNamedBinder binderName="watercarry" required="1">
					<instance>
						<BFLocoAnimate version="1" stationaryAnim="TreadWaterObject_Idle">
							<stop name="TreadWaterObject" />
							<slow name="SwimObject" />
							<medium name="SwimObject" />
							<fast name="SwimObject" />
						</BFLocoAnimate>
					</instance>
				</BFNamedBinder>
			</binder>
		</BFBinder>
		<BFNamedBinder binderName="mouth" required="1">
			<instance>
				<BFGEntityContainer>
					<slots>
						<BFGEntityContainerSlot ownContents="true" hideContents="false" capacity="1" />
					</slots>
				</BFGEntityContainer>
			</instance>
		</BFNamedBinder>
		<BFNamedBinder binderName="foodprop" repopulateMethod="byName" required="1">
			<instance>
				<BFGEntityContainer>
					<slots>
						<BFGEntityContainerSlot ownContents="false" hideContents="false" capacity="1" />
					</slots>
				</BFGEntityContainer>
			</instance>
		</BFNamedBinder>
		<BFBinder>
			<instance>
				<ZTEconomyComponent cost="10000">
					<ZTTransaction name="build" costType="parent" type="debit" category="animal" />
				</ZTEconomyComponent>
			</instance>
		</BFBinder>
	</binder>
</BFTypedBinder>
