<BFTypedBinder binderType="BeaverAmerican_Young_F">
   <types>
      <entity>
         <actor>
            <animal>
               <Mammalia>
                  <Rodentia>
                     <Castoridae>
                        <BeaverAmerican>
                           <BeaverAmerican_Young>
                              <BeaverAmerican_Young_F/>
                           </BeaverAmerican_Young>
                        </BeaverAmerican>
                     </Castoridae>
                  </Rodentia>
               </Mammalia>
            </animal>
         </actor>
      </entity>
   </types>
   <instance>
      <BFGEntity/>
   </instance>
   <shared>
      <UIToggleButton template="adopt">
         <on>
            <event msg="ZT_SETPLACEMENTOBJECT" data="BFString" string="BeaverAmerican_Young_F"/>
         </on>
      </UIToggleButton>
      <BFAIEntityDataShared b_Male="0"/>
   </shared>
</BFTypedBinder>