<BFTypedBinder binderType="CamelDromedary_Adult_F">
   <types>
      <entity>
         <actor>
            <animal>
               <Mammalia>
                  <Artiodactyla>
                     <Camelidae>
                        <CamelDromedary>
                           <CamelDromedary_Adult>
                              <CamelDromedary_Adult_F/>
                           </CamelDromedary_Adult>
                        </CamelDromedary>
                     </Camelidae>
                  </Artiodactyla>
               </Mammalia>
            </animal>
         </actor>
      </entity>
   </types>
   <instance>
      <BFGEntity/>
   </instance>
   <shared>
      <BFAIEntityDataShared b_Male="0" f_adoptCount="rand(1,2)"/>
   </shared>
   <binder>
      <BFBinder required="1">
         <instance>
            <BFAIEntityDataInstance b_Pregnant="false"/>
         </instance>
      </BFBinder>
   </binder>
</BFTypedBinder>