<BFTypedBinder binderType="CamelDromedary_Young_F">
   <types>
      <entity>
         <actor>
            <animal>
               <Mammalia>
                  <Artiodactyla>
                     <Camelidae>
                        <CamelDromedary>
                           <CamelDromedary_Young>
                              <CamelDromedary_Young_F/>
                           </CamelDromedary_Young>
                        </CamelDromedary>
                     </Camelidae>
                  </Artiodactyla>
               </Mammalia>
            </animal>
         </actor>
      </entity>
   </types>
   <instance>
      <BFGEntity/>
   </instance>
   <shared>
      <UIToggleButton template="adopt">
         <on>
            <event msg="ZT_SETPLACEMENTOBJECT" data="BFString" string="CamelDromedary_Young_F"/>
         </on>
      </UIToggleButton>
      <BFAIEntityDataShared b_Male="0"/>
   </shared>
</BFTypedBinder>