<BFTypedBinder binderType="Camelidae" abstract="true">
   <types>
      <entity>
         <actor>
            <animal>
               <Mammalia>
                  <Artiodactyla>
                     <Camelidae/>
                  </Artiodactyla>
               </Mammalia>
            </animal>
         </actor>
      </entity>
   </types>
   <instance>
      <BFGEntity/>
   </instance>
   <shared>
      <BFAIEntityDataShared>
         <BFAINeedAdjusts thirst="0.10"/>
      </BFAIEntityDataShared>
   </shared>
</BFTypedBinder>