﻿<BFTypedBinder binderType="Caribou_Adult" abstract="true">
	<types>
		<entity>
			<actor>
				<animal>
					<Mammalia>
						<Artiodactyla>
							<Cervidae>
								<Caribou>
									<Caribou_Adult />
								</Caribou>
							</Cervidae>
						</Artiodactyla>
					</Mammalia>
				</animal>
			</actor>
		</entity>
	</types>
	<instance>
		<BFGEntity entityVersion="1" />
	</instance>
	<shared>
		<ZTPlacementData icon3Doffset="0 0 1.105249" icon3Dscale="0.467516" />
		<BFAIEntityDataShared b_Adult="1" b_Territorial="true" s_MorphMessage="zoomessages:AnimalPuberty" f_MorphMessagePriority="1" f_MorphMessageDuration="30" b_ScratchPostRubber="true" b_LargePrey="true" />
	</shared>
	<binder>
		<BFNamedBinder binderName="shadowObj">
			<instance>
				<BFPhysObj>
					<BFMovingBlobShadowComponent lodLevel="0" shadowTexture="world\shadows\blob\round_blob3.tga" baseNode="Bip01 Neck" width="1" length="1.15" intensity="0.3" />
				</BFPhysObj>
			</instance>
		</BFNamedBinder>
		<BFNamedBinder binderName="shadowObj2">
			<instance>
				<BFPhysObj>
					<BFMovingBlobShadowComponent lodLevel="0" shadowTexture="world\shadows\blob\round_blob3.tga" baseNode="Bip01" width="0.9" length="1.2" intensity="0.3" />
				</BFPhysObj>
			</instance>
		</BFNamedBinder>
		<BFNamedBinder binderName="shadowObj3">
			<instance>
				<BFPhysObj>
					<BFMovingBlobShadowComponent lodLevel="0" shadowTexture="world\shadows\blob\round_blob3.tga" baseNode="Bip01 Spine1" width="1" length="1" offlength="-0.4" intensity="0.3" />
				</BFPhysObj>
			</instance>
		</BFNamedBinder>
		<BFBinder required="1">
			<instance>
				<BFGCollisionTester escapeBuffer="0.25" radius="0.5" motionClass="swimmer" waterScore="0" landScore="0" maxSlope=".75" />
			</instance>
		</BFBinder>
		<BFNamedBinder binderName="texController" required="1">
			<instance>
				<BFAITextureController currState="well" defaultState="well">
					<attribList>
						<health />
						<hygiene />
					</attribList>
					<stateList>
						<sickanddirty>
							<attribData>
								<health minRange="70" maxRange="101" />
								<hygiene minRange="70" maxRange="101" />
							</attribData>
							<textureData>
								<mainObj material="Moose_Adult_M_MTL" image="entities\units\animals\Caribou\Caribou_Adult_M_Sick_Dirty.dds" />
							</textureData>
						</sickanddirty>
						<sick>
							<attribData>
								<health minRange="70" maxRange="101" />
							</attribData>
							<textureData>
								<mainObj material="Moose_Adult_M_MTL" image="entities\units\animals\Caribou\Caribou_Adult_M_Sick.dds" />
							</textureData>
						</sick>
						<dirty>
							<attribData>
								<hygiene minRange="70" maxRange="101" />
							</attribData>
							<textureData>
								<mainObj material="Moose_Adult_M_MTL" image="entities\units\animals\Caribou\Caribou_Adult_M_Dirty.dds" />
							</textureData>
						</dirty>
						<well>
							<textureData>
								<mainObj material="Moose_Adult_M_MTL" image="entities\units\animals\Caribou\Caribou_Adult_M.dds" />
							</textureData>
						</well>
					</stateList>
				</BFAITextureController>
			</instance>
		</BFNamedBinder>
	</binder>
</BFTypedBinder>
