<BFTypedBinder binderType="Chimpanzee_Adult_F">
   <types>
      <entity>
         <actor>
            <animal>
               <Mammalia>
                  <Primata>
                     <Pongidae>
                        <Chimpanzee>
                          <Chimpanzee_Adult>
                              <Chimpanzee_Adult_F/>
                           </Chimpanzee_Adult>
                        </Chimpanzee>
                     </Pongidae>
                  </Primata>
               </Mammalia>
            </animal>
         </actor>
      </entity>
   </types>
   <instance>
      <BFGEntity/>
   </instance>
   <shared>
      <BFAIEntityDataShared b_Male="0" f_adoptCount="rand(1,2)"/>
   </shared>
   <binder>
      <BFBinder required="1">
         <instance>
            <BFAIEntityDataInstance b_Pregnant="false"/>
         </instance>
      </BFBinder>
   </binder>
</BFTypedBinder>