<BFTypedBinder binderType="Chimpanzee_Young_F">
   <types>
      <entity>
         <actor>
            <animal>
               <Mammalia>
                  <Primata>
                     <Pongidae>
                        <Chimpanzee>
                           <Chimpanzee_Young>
                              <Chimpanzee_Young_F/>
                           </Chimpanzee_Young>
                        </Chimpanzee>
                     </Pongidae>
                  </Primata>
               </Mammalia>
            </animal>
         </actor>
      </entity>
   </types>
   <instance>
      <BFGEntity/>
   </instance>
   <shared>
      <UIToggleButton template="adopt">
         <on>
            <event msg="ZT_SETPLACEMENTOBJECT" data="BFString" string="Chimpanzee_Young_F"/>
         </on>
      </UIToggleButton>
      <BFAIEntityDataShared b_Male="0"/>
   </shared>
</BFTypedBinder>
