<BFTypedBinder binderType="CrocodileNile_Young_M">
   <types>
      <entity>
         <actor>
            <animal>
               <Reptilia>
                  <Crocodylia>
                     <Crocodylidae>
                        <CrocodileNile>
                           <CrocodileNile_Young>
                              <CrocodileNile_Young_M/>
                           </CrocodileNile_Young>
                        </CrocodileNile>
                     </Crocodylidae>
                  </Crocodylia>
               </Reptilia>
            </animal>
         </actor>
      </entity>
   </types>
   <instance>
      <BFGEntity/>
   </instance>
   <shared>
      <UIToggleButton template="adopt">
         <on>
            <event msg="ZT_SETPLACEMENTOBJECT" data="BFString" string="CrocodileNile_Young_M"/>
         </on>
      </UIToggleButton>
      <BFAIEntityDataShared b_Male="1"/>
   </shared>
</BFTypedBinder>