<BFTypedBinder binderType="CrocodileNile_Adult_F">
   <types>
      <entity>
         <actor>
            <animal>
               <Reptilia>
                  <Crocodylia>
                     <Crocodylidae>
                        <CrocodileNile>
                           <CrocodileNile_Adult>
                              <CrocodileNile_Adult_F/>
                           </CrocodileNile_Adult>
                        </CrocodileNile>
                     </Crocodylidae>
                  </Crocodylia>
               </Reptilia>
            </animal>
         </actor>
      </entity>
   </types>
   <instance>
      <BFGEntity/>
   </instance>
   <shared>
      <BFAIEntityDataShared b_Male="0" f_adoptCount="rand(1,1)"/>
   </shared>
   <binder>
      <BFBinder required="1">
         <instance>
            <BFAIEntityDataInstance b_Pregnant="false"/>
         </instance>
      </BFBinder>
   </binder>
</BFTypedBinder>