<BFTypedBinder binderType="Elephantidae" abstract="true">
   <types>
      <entity>
         <actor>
            <animal>
               <Mammalia>
                  <Proboscidea>
                     <Elephantidae/>
                  </Proboscidea>
               </Mammalia>
            </animal>
         </actor>
      </entity>
   </types>
   <instance>
      <BFGEntity/>
   </instance>
   <shared>
      <BFAIEntityDataShared>
         <BFAINeedAdjusts hunger="0.50" rest="0.1" exercise="0.2" privacy="0"/>
      </BFAIEntityDataShared>
   </shared>
</BFTypedBinder>
