<BFTypedBinder binderType="ElephantAfrican_Adult_M">
   <types>
      <entity>
         <actor>
            <animal>
               <Mammalia>
                  <Proboscidea>
                     <Elephantidae>
                        <ElephantAfrican>
                           <ElephantAfrican_Adult>
                              <ElephantAfrican_Adult_M/>
                           </ElephantAfrican_Adult>
                        </ElephantAfrican>
                     </Elephantidae>
                  </Proboscidea>
               </Mammalia>
            </animal>
         </actor>
      </entity>
   </types>
   <instance>
      <BFGEntity/>
   </instance>
   <shared>
      <UIToggleButton template="adopt">
         <on>
            <event msg="ZT_SETPLACEMENTOBJECT" data="BFString" string="ElephantAfrican_Adult_M"/>
         </on>
      </UIToggleButton>
      <BFAIEntityDataShared b_Male="1" f_adoptCount="rand(1,1)"/>
   </shared>
   <binder>
      <BFNamedBinder binderName="mainObj">
         <instance>
            <BFPhysObj>
               <BFActorComponent actorfile="entities/units/animals/ElephantAfrican/ElephantAfrican_Adult_M.bfm" scale=".75"/>
            </BFPhysObj>
         </instance>
      </BFNamedBinder>
   </binder>
</BFTypedBinder>