<BFTypedBinder binderType="ElephantAfrican_Young_M">
   <types>
      <entity>
         <actor>
            <animal>
               <Mammalia>
                  <Proboscidea>
                     <Elephantidae>
                        <ElephantAfrican>
                           <ElephantAfrican_Young>
                              <ElephantAfrican_Young_M/>
                           </ElephantAfrican_Young>
                        </ElephantAfrican>
                     </Elephantidae>
                  </Proboscidea>
               </Mammalia>
            </animal>
         </actor>
      </entity>
   </types>
   <instance>
      <BFGEntity/>
   </instance>
   <shared>
      <UIToggleButton template="adopt">
         <on>
            <event msg="ZT_SETPLACEMENTOBJECT" data="BFString" string="ElephantAfrican_Young_M"/>
         </on>
      </UIToggleButton>
      <BFAIEntityDataShared b_Male="1"/>
   </shared>
</BFTypedBinder>