<BFTypedBinder binderType="ElephantAsian_Young" abstract="true">
   <types>
      <entity>
         <actor>
            <animal>
               <Mammalia>
                  <Proboscidea>
                     <Elephantidae>
                        <ElephantAsian>
                           <ElephantAsian_Young/>
                        </ElephantAsian>
                     </Elephantidae>
                  </Proboscidea>
               </Mammalia>
            </animal>
         </actor>
      </entity>
   </types>
   <instance>
      <BFGEntity entityVersion="1">
         <physObjParenting>
            <parentObj parent="mainObj" child="shadowObj" rottype="use" postype="ignore" attachnode="link"/>
            <parentObj parent="mainObj" child="shadowObj2" rottype="use" postype="ignore" attachnode="link"/>
            <parentObj parent="mainObj" child="shadowObj3" rottype="use" postype="ignore" attachnode="link"/>
            <parentObj parent="mainObj" child="shadowObj4" rottype="use" postype="ignore" attachnode="link"/>
         </physObjParenting>
      </BFGEntity>
   </instance>
   <shared>
      <ZTDevComponent/>
      <BFAIEntityDataShared f_viewBonus="65" b_Adult="0" b_SubstratePileEater="false" b_LargePrey="true">
         <BFAINeedAdjusts health="0.25" stimulation="0.33" exercise="0.33" reproduction="0"/>
      </BFAIEntityDataShared>
      <ZTPlacementData icon3Doffset="0 -0.024048 1.152832" icon3Dscale="0.238695"/>
   </shared>
   <binder>
      <BFNamedBinder binderName="shadowObj">
         <instance>
            <BFPhysObj>
               <BFMovingBlobShadowComponent minLODLevel="0" maxLODLevel="1" shadowTexture="world\shadows\blob\blob_animal_final.tga" baseNode="Bip01 Head" width="2" minLength="2" maxLength="4" minOffset="0" maxOffset=".5"/>
            </BFPhysObj>
         </instance>
      </BFNamedBinder>
      <BFNamedBinder binderName="shadowObj2">
         <instance>
            <BFPhysObj>
               <BFMovingBlobShadowComponent minLODLevel="0" maxLODLevel="1" shadowTexture="world\shadows\blob\blob_animal_final.tga" baseNode="Bip01 Neck" width="2" minLength="2" maxLength="4" minOffset="0" maxOffset=".5"/>
            </BFPhysObj>
         </instance>
      </BFNamedBinder>
      <BFNamedBinder binderName="shadowObj3">
         <instance>
            <BFPhysObj>
               <BFMovingBlobShadowComponent minLODLevel="0" maxLODLevel="1" shadowTexture="world\shadows\blob\blob_animal_final.tga" baseNode="Bip01 Spine1" width="2" minLength="2" maxLength="4" minOffset="0" maxOffset=".5"/>
            </BFPhysObj>
         </instance>
      </BFNamedBinder>
      <BFNamedBinder binderName="shadowObj4">
         <instance>
            <BFPhysObj>
               <BFMovingBlobShadowComponent minLODLevel="0" maxLODLevel="1" shadowTexture="world\shadows\blob\blob_animal_final.tga" baseNode="Bip01 Spine" width="2" minLength="2" maxLength="4" minOffset="0" maxOffset=".5"/>
            </BFPhysObj>
         </instance>
      </BFNamedBinder>
      <BFNamedBinder binderName="mainObj">
         <instance>
            <BFPhysObj>
               <BFActorComponent actorfile="entities/units/animals/ElephantAsian/ElephantAsian_Young_F.bfm" scale="0.35"/>
               <BFDecalTextureCycleComponent materialName="Asian_Ele_Young">
                  <Step imageName="entities/units/animals/shared/tiger_blink_blank.dds" hold="3.0" variance="0.5"/>
                  <Step imageName="entities/units/animals/shared/tiger_blink02.dds" hold="0.08" variance=""/>
                  <Step imageName="entities/units/animals/shared/tiger_blink.dds" hold="0.1" variance="wD"/>
                  <Step imageName="entities/units/animals/shared/tiger_blink02.dds" hold="0.08" variance=""/>
               </BFDecalTextureCycleComponent>
            </BFPhysObj>
         </instance>
      </BFNamedBinder>
      <BFBinder required="1">
         <instance>
            <BFGCollisionTester escapeBuffer="0.25" radius=".5" motionClass="swimmer" waterScore="20" landScore="30" maxSlope=".50"/>
         </instance>
      </BFBinder>
      <BFNamedBinder binderName="texController" required="1">
         <instance>
            <BFAITextureController currState="well" defaultState="well">
               <attribList>
                  <health/>
                  <hygiene/>
               </attribList>
               <stateList>
                  <sickanddirty>
                     <attribData>
                        <health minRange="70" maxRange="101"/>
                        <hygiene minRange="70" maxRange="101"/>
                     </attribData>
                     <textureData>
                        <mainObj material="Asian_Ele_Young" image="entities\units\animals\ElephantAsian\ElephantAsian_Adult_Sick_Dirty_map.dds"/>
                     </textureData>
                  </sickanddirty>
                  <sick>
                     <attribData>
                        <health minRange="70" maxRange="101"/>
                     </attribData>
                     <textureData>
                        <mainObj material="Asian_Ele_Young" image="entities\units\animals\ElephantAsian\ElephantAsian_Adult_Sick_map.dds"/>
                     </textureData>
                  </sick>
                  <dirty>
                     <attribData>
                        <hygiene minRange="70" maxRange="101"/>
                     </attribData>
                     <textureData>
                        <mainObj material="Asian_Ele_Young" image="entities\units\animals\ElephantAsian\ElephantAsian_Adult_Dirty_map.dds"/>
                     </textureData>
                  </dirty>
                  <well>
                     <textureData>
                        <mainObj material="Asian_Ele_Young" image="entities\units\animals\ElephantAsian\ElephantAsian_Adult_F_map.dds"/>
                     </textureData>
                  </well>
               </stateList>
            </BFAITextureController>
         </instance>
      </BFNamedBinder>
      <BFBinder required="1">
         <instance>
            <BFAICognitiveMgr>
               <Sensors>
                  <ZTAISensor/>
                  <BFAISensorSelf/>
                  <ZTAISensorLand/>
                  <ZTAISensorTA sensorTag="habitat"/>
               </Sensors>
               <StateThinkers>
                  <ZTAIStateThinker mergeKey="Name">
                     <BFAIStateVar Name="reproduction" Value="" ValueMin="0" ValueMax="0" CessationThreshold="90" TriggerThreshold="90" CriticalThreshold="90" Advanced="true"/>
                  </ZTAIStateThinker>
               </StateThinkers>
               <TaskThinkers>
                  <ZTAITaskThinker/>
               </TaskThinkers>
            </BFAICognitiveMgr>
         </instance>
         <shared>
            <BFAICogShared>
               <BFAINoPerceive>
                  <fence/>
                  <path/>
                  <entrance/>
               </BFAINoPerceive>
            </BFAICogShared>
         </shared>
      </BFBinder>
      <BFNamedBinder binderName="checkup" required="1">
         <instance>
            <ZTAIStaffRequestController attribName="health" thresholdValue="30" testType="4" cancelThresholdValue="20" cancelTestType="1">
               <ZTStaffRequestData tokenKey="t_CheckupBaby" subjectType="Keeper" priority="5"/>
            </ZTAIStaffRequestController>
         </instance>
      </BFNamedBinder>
      <BFBinder required="1">
         <instance>
            <BFAIEntityDataInstance f_needPointsGood="50"/>
         </instance>
      </BFBinder>
   </binder>
</BFTypedBinder>
