<BFTypedBinder binderType="ElephantAfrican_Adult_F">
   <types>
      <entity>
         <actor>
            <animal>
               <Mammalia>
                  <Proboscidea>
                     <Elephantidae>
                        <ElephantAfrican>
                           <ElephantAfrican_Adult>
                              <ElephantAfrican_Adult_F/>
                           </ElephantAfrican_Adult>
                        </ElephantAfrican>
                     </Elephantidae>
                  </Proboscidea>
               </Mammalia>
            </animal>
         </actor>
      </entity>
   </types>
   <instance>
      <BFGEntity/>
   </instance>
   <shared>
      <UIToggleButton template="adopt">
         <UIAspect>
            <default image="entities\units\animals\ElephantAfrican\ElephantAfrican_Adult_F_icon.dds"/>
         </UIAspect>
         <on>
            <event msg="ZT_SETPLACEMENTOBJECT" data="BFString" string="ElephantAfrican_Adult_F"/>
         </on>
      </UIToggleButton>
      <BFAIEntityDataShared b_Male="0" f_adoptCount="rand(1,1)"/>
   </shared>
   <binder>
      <BFNamedBinder binderName="mainObj">
         <instance>
            <BFPhysObj>
               <BFActorComponent actorfile="entities/units/animals/ElephantAfrican/ElephantAfrican_Adult_F.bfm" scale="0.70"/>
            </BFPhysObj>
         </instance>
      </BFNamedBinder>
      <BFBinder required="1">
         <instance>
            <BFAIEntityDataInstance b_Pregnant="false"/>
         </instance>
      </BFBinder>
   </binder>
</BFTypedBinder>
