<BFTypedBinder binderType="ElephantAsian_Adult" abstract="true">
	<types>
		<entity>
			<actor>
				<animal>
					<Mammalia>
						<Proboscidea>
							<Elephantidae>
								<ElephantAsian>
									<ElephantAsian_Adult />
								</ElephantAsian>
							</Elephantidae>
						</Proboscidea>
					</Mammalia>
				</animal>
			</actor>
		</entity>
	</types>
	<instance>
		<BFGEntity />
	</instance>
	<shared>
		<BFAIEntityDataShared f_viewBonus="60" b_Adult="1" b_BrowseHolderEater="true" b_PicksUpElephantLog="true" s_MorphMessage="zoomessages:AnimalPuberty" f_MorphMessagePriority="1" f_MorphMessageDuration="30" b_XXLargePrey="true"/>
		<ZTPlacementData icon3Doffset="0 -0.067969 1.266494" icon3Dscale="0.312554" />
	</shared>
	<binder>
		<BFBinder required="1">
			<instance>
				<BFGCollisionTester escapeBuffer="0.375" radius=".75" motionClass="tallSwimmer" waterScore="20" landScore="30" maxSlope=".50" />
			</instance>
		</BFBinder>
		<BFNamedBinder binderName="texController" required="1">
			<instance>
				<BFAITextureController currState="well" defaultState="well">
					<attribList>
						<health />
						<hygiene />
					</attribList>
					<stateList>
						<sickanddirty>
							<attribData>
								<health minRange="70" maxRange="101" />
								<hygiene minRange="70" maxRange="101" />
							</attribData>
							<textureData>
								<mainObj material="Asian_Ele" image="entities\units\animals\ElephantAsian\ElephantAsian_Adult_Sick_Dirty_map.dds" />
							</textureData>
						</sickanddirty>
						<sick>
							<attribData>
								<health minRange="70" maxRange="101" />
							</attribData>
							<textureData>
								<mainObj material="Asian_Ele" image="entities\units\animals\ElephantAsian\ElephantAsian_Adult_Sick_map.dds" />
							</textureData>
						</sick>
						<dirty>
							<attribData>
								<hygiene minRange="70" maxRange="101" />
							</attribData>
							<textureData>
								<mainObj material="Asian_Ele" image="entities\units\animals\ElephantAsian\ElephantAsian_Adult_Dirty_map.dds" />
							</textureData>
						</dirty>
						<well>
							<textureData>
								<mainObj material="Asian_Ele" image="entities\units\animals\ElephantAsian\ElephantAsian_Adult_F_map.dds" />
							</textureData>
						</well>
					</stateList>
				</BFAITextureController>
			</instance>
		</BFNamedBinder>
	</binder>
</BFTypedBinder>
