<BFTypedBinder binderType="FlamingoGreater_Young_F">
   <types>
      <entity>
         <actor>
            <animal>
               <Aves>
                  <Phoenicopteriformes>
                     <Phoenicopteridae>
                        <FlamingoGreater>
                           <FlamingoGreater_Young>
                              <FlamingoGreater_Young_F/>
                           </FlamingoGreater_Young>
                        </FlamingoGreater>
                     </Phoenicopteridae>
                  </Phoenicopteriformes>
               </Aves>
            </animal>
         </actor>
      </entity>
   </types>
   <instance>
      <BFGEntity/>
   </instance>
   <shared>
      <UIToggleButton template="adopt">
         <on>
            <event msg="ZT_SETPLACEMENTOBJECT" data="BFString" string="FlamingoGreater_Young_F"/>
         </on>
      </UIToggleButton>
      <BFAIEntityDataShared b_Male="0"/>
   </shared>
</BFTypedBinder>