<BFTypedBinder binderType="FlamingoGreater_Adult_F">
   <types>
      <entity>
         <actor>
            <animal>
               <Aves>
                  <Phoenicopteriformes>
                     <Phoenicopteridae>
                        <FlamingoGreater>
                           <FlamingoGreater_Adult>
                              <FlamingoGreater_Adult_F/>
                           </FlamingoGreater_Adult>
                        </FlamingoGreater>
                     </Phoenicopteridae>
                  </Phoenicopteriformes>
               </Aves>
            </animal>
         </actor>
      </entity>
   </types>
   <instance>
      <BFGEntity/>
   </instance>
   <shared>
      <BFAIEntityDataShared b_Male="0" f_adoptCount="rand(1,4)"/>
   </shared>
   <binder>
      <BFBinder required="1">
         <instance>
            <BFAIEntityDataInstance b_Pregnant="false"/>
         </instance>
      </BFBinder>
   </binder>
</BFTypedBinder>