﻿<BFTypedBinder binderType="FlamingoGreater_Young" abstract="true">
	<types>
		<entity>
			<actor>
				<animal>
					<Aves>
						<Phoenicopteriformes>
							<Phoenicopteridae>
								<FlamingoGreater>
									<FlamingoGreater_Young />
								</FlamingoGreater>
							</Phoenicopteridae>
						</Phoenicopteriformes>
					</Aves>
				</animal>
			</actor>
		</entity>
	</types>
	<instance>
		<BFGEntity entityVersion="1">
			<physObjParenting>
				<parentObj parent="mainObj" child="shadowObj" rottype="use" postype="ignore" attachnode="link" />
			</physObjParenting>
		</BFGEntity>
	</instance>
	<shared>
		<ZTPlacementData icon3Doffset="0 0 1.226147" icon3Dscale="1.020000" />
		<ZTDevComponent />
		<BFAIEntityDataShared f_viewBonus="5" b_Adult="0" p_PreyOffset="0 1 0" s_MorphMessage="zoomessages:AnimalHatchEgg" f_MorphMessagePriority="1" f_MorphMessageDuration="30">
			<BFAINeedAdjusts health="0.25" stimulation="0.33" exercise="0.33" reproduction="0" />
		</BFAIEntityDataShared>
	</shared>
	<binder>
		<BFNamedBinder binderName="shadowObj">
			<instance>
				<BFPhysObj>
					<BFMovingBlobShadowComponent shadowTexture="world\shadows\blob\round_blob3.tga" baseNode="Bip01 Spine" width="0.75" intensity="0.3" />
				</BFPhysObj>
			</instance>
		</BFNamedBinder>
		<BFNamedBinder binderName="mainObj">
			<instance>
				<BFPhysObj>
					<BFActorComponent actorfile="entities/units/animals/FlamingoGreater/FlamingoGreater_Young_F.bfm" scale="0.45" />
					<BFDecalTextureCycleComponent materialName="1 - Default">
						<Step imageName="entities/units/animals/shared/tiger_blink_blank.dds" hold="3.0" variance="0.5" />
						<Step imageName="entities/units/animals/shared/tiger_blink02.dds" hold="0.08" variance="" />
						<Step imageName="entities/units/animals/shared/tiger_blink.dds" hold="0.1" variance="" />
						<Step imageName="entities/units/animals/shared/tiger_blink02.dds" hold="0.08" variance="" />
					</BFDecalTextureCycleComponent>
				</BFPhysObj>
			</instance>
		</BFNamedBinder>
		<BFBinder required="1">
			<instance>
				<BFGCollisionTester escapeBuffer="0.0625" radius=".125" motionClass="swimmer" waterScore="10" landScore="0" maxSlope=".50" />
			</instance>
		</BFBinder>
		<BFNamedBinder binderName="texController" required="1">
			<instance>
				<BFAITextureController currState="well" defaultState="well">
					<attribList>
						<health />
						<hygiene />
					</attribList>
					<stateList>
						<sickanddirty>
							<attribData>
								<health minRange="70" maxRange="101" />
								<hygiene minRange="70" maxRange="101" />
							</attribData>
							<textureData>
								<mainObj material="1 - Default" image="entities\units\animals\FlamingoGreater\FlamingoGreater_Young_Sick_Dirty.dds" />
							</textureData>
						</sickanddirty>
						<sick>
							<attribData>
								<health minRange="70" maxRange="101" />
							</attribData>
							<textureData>
								<mainObj material="1 - Default" image="entities\units\animals\FlamingoGreater\FlamingoGreater_Young_Sick.dds" />
							</textureData>
						</sick>
						<dirty>
							<attribData>
								<hygiene minRange="70" maxRange="101" />
							</attribData>
							<textureData>
								<mainObj material="1 - Default" image="entities\units\animals\FlamingoGreater\FlamingoGreater_Young_Dirty.dds" />
							</textureData>
						</dirty>
						<well>
							<textureData>
								<mainObj material="1 - Default" image="entities\units\animals\FlamingoGreater\FlamingoGreater_Young_M.dds" />
							</textureData>
						</well>
					</stateList>
				</BFAITextureController>
			</instance>
		</BFNamedBinder>
		<BFBinder required="1">
			<instance>
				<BFAICognitiveMgr>
					<Sensors>
						<ZTAISensor />
						<BFAISensorSelf />
						<ZTAISensorLand />
						<ZTAISensorTA sensorTag="habitat" />
					</Sensors>
					<StateThinkers>
						<ZTAIStateThinker mergeKey="Name">
							<BFAIStateVar Name="reproduction" Value="" ValueMin="0" ValueMax="0" CessationThreshold="90" TriggerThreshold="90" CriticalThreshold="90" Advanced="true" />
						</ZTAIStateThinker>
					</StateThinkers>
					<TaskThinkers>
						<ZTAITaskThinker />
					</TaskThinkers>
				</BFAICognitiveMgr>
			</instance>
			<shared>
				<BFAICogShared>
					<BFAINoPerceive>
						<fence />
						<path />
						<entrance />
					</BFAINoPerceive>
				</BFAICogShared>
			</shared>
		</BFBinder>
		<BFNamedBinder binderName="checkup" required="1">
			<instance>
				<ZTAIStaffRequestController attribName="health" thresholdValue="30" testType="4" cancelThresholdValue="20" cancelTestType="1">
					<ZTStaffRequestData tokenKey="t_CheckupBaby" subjectType="Keeper" priority="5" />
				</ZTAIStaffRequestController>
			</instance>
		</BFNamedBinder>
		<BFBinder required="1">
			<instance>
				<BFAIEntityDataInstance f_needPointsGood="50" />
			</instance>
		</BFBinder>
	</binder>
</BFTypedBinder>
