﻿<BFTypedBinder binderType="FlamingoGreater_Adult" abstract="true">
	<types>
		<entity>
			<actor>
				<animal>
					<Aves>
						<Phoenicopteriformes>
							<Phoenicopteridae>
								<FlamingoGreater>
									<FlamingoGreater_Adult />
								</FlamingoGreater>
							</Phoenicopteridae>
						</Phoenicopteriformes>
					</Aves>
				</animal>
			</actor>
		</entity>
	</types>
	<instance>
		<BFGEntity entityVersion="1">
			<physObjParenting>
				<parentObj parent="mainObj" child="shadowObj" rottype="use" postype="ignore" attachnode="link" />
			</physObjParenting>
		</BFGEntity>
	</instance>
	<shared>
		<ZTPlacementData icon3Doffset="0 0 1.186426" icon3Dscale="1.087896" />
		<BFAIEntityDataShared b_Adult="1" s_MorphMessage="zoomessages:AnimalPuberty" f_MorphMessagePriority="1" f_MorphMessageDuration="30" />
	</shared>
	<binder>
		<BFNamedBinder binderName="shadowObj">
			<instance>
				<BFPhysObj>
					<BFMovingBlobShadowComponent shadowTexture="world\shadows\blob\round_blob3.tga" baseNode="Bip01 Spine" width="1.0" intensity="0.3" />
				</BFPhysObj>
			</instance>
		</BFNamedBinder>
		<BFNamedBinder binderName="texController" required="1">
			<instance>
				<BFAITextureController currState="well" defaultState="well">
					<attribList>
						<health />
						<hygiene />
					</attribList>
					<stateList>
						<sickanddirty>
							<attribData>
								<health minRange="70" maxRange="101" />
								<hygiene minRange="70" maxRange="101" />
							</attribData>
							<textureData>
								<mainObj material="flamingo_mat" image="entities\units\animals\FlamingoGreater\FlamingoGreater_Adult_Sick_Dirty.dds" />
							</textureData>
						</sickanddirty>
						<sick>
							<attribData>
								<health minRange="70" maxRange="101" />
							</attribData>
							<textureData>
								<mainObj material="flamingo_mat" image="entities\units\animals\FlamingoGreater\FlamingoGreater_Adult_Sick.dds" />
							</textureData>
						</sick>
						<dirty>
							<attribData>
								<hygiene minRange="70" maxRange="101" />
							</attribData>
							<textureData>
								<mainObj material="flamingo_mat" image="entities\units\animals\FlamingoGreater\FlamingoGreater_Adult_Dirty.dds" />
							</textureData>
						</dirty>
						<well>
							<textureData>
								<mainObj material="flamingo_mat" image="entities\units\animals\FlamingoGreater\FlamingoGreater_Adult_M.dds" />
							</textureData>
						</well>
					</stateList>
				</BFAITextureController>
			</instance>
		</BFNamedBinder>
		<BFBinder required="1">
			<instance>
				<BFGCollisionTester escapeBuffer="0.125" radius=".25" motionClass="swimmer" waterScore="10" landScore="0" maxSlope=".50" />
			</instance>
		</BFBinder>
	</binder>
</BFTypedBinder>
