<BFTypedBinder binderType="GazelleThomsons_Adult_M">
   <types>
      <entity>
         <actor>
            <animal>
               <Mammalia>
                  <Artiodactyla>
                     <Bovidae>
                        <GazelleThomsons>
                           <GazelleThomsons_Adult>
                              <GazelleThomsons_Adult_M/>
                           </GazelleThomsons_Adult>
                        </GazelleThomsons>
                     </Bovidae>
                  </Artiodactyla>
               </Mammalia>
            </animal>
         </actor>
      </entity>
   </types>
   <instance>
      <BFGEntity/>
   </instance>
   <shared>
      <UIToggleButton template="adopt">
         <UIAspect>
            <default image="entities/units/animals/GazelleThomsons/GazelleThomsons_Adult_M_icon.dds"/>
         </UIAspect>
         <on>
            <event msg="ZT_SETPLACEMENTOBJECT" data="BFString" string="GazelleThomsons_Adult_M"/>
         </on>
      </UIToggleButton>
      <BFAIEntityDataShared b_Male="1" f_adoptCount="rand(1,4)"/>
   </shared>
</BFTypedBinder>
