<BFTypedBinder binderType="GazelleThomsons_Adult_F">
   <types>
      <entity>
         <actor>
            <animal>
               <Mammalia>
                  <Artiodactyla>
                     <Bovidae>
                        <GazelleThomsons>
                           <GazelleThomsons_Adult>
                              <GazelleThomsons_Adult_F/>
                           </GazelleThomsons_Adult>
                        </GazelleThomsons>
                     </Bovidae>
                  </Artiodactyla>
               </Mammalia>
            </animal>
         </actor>
      </entity>
   </types>
   <instance>
      <BFGEntity/>
   </instance>
   <shared>
      <UIToggleButton template="adopt">
         <UIAspect>
            <default image="entities\units\animals\GazelleThomsons\GazelleThomsons_Adult_F_icon.dds"/>
         </UIAspect>
         <on>
            <event msg="ZT_SETPLACEMENTOBJECT" data="BFString" string="GazelleThomsons_Adult_F"/>
         </on>
      </UIToggleButton>
      <BFAIEntityDataShared b_Male="0" f_adoptCount="rand(1,2)"/>
   </shared>
   <binder>
      <BFNamedBinder binderName="mainObj">
         <instance>
            <BFPhysObj>
               <BFActorComponent actorfile="entities/units/animals/GazelleThomsons/GazelleThomsons_Adult_F.bfm" actor=".62"/>
            </BFPhysObj>
         </instance>
      </BFNamedBinder>
      <BFBinder required="1">
         <instance>
            <BFAIEntityDataInstance b_Pregnant="false"/>
         </instance>
      </BFBinder>
   </binder>
</BFTypedBinder>
