<BFTypedBinder binderType="GazelleThomsons_Young_M">
   <types>
      <entity>
         <actor>
            <animal>
               <Mammalia>
                  <Artiodactyla>
                     <Bovidae>
                        <GazelleThomsons>
                           <GazelleThomsons_Young>
                              <GazelleThomsons_Young_M/>
                           </GazelleThomsons_Young>
                        </GazelleThomsons>
                     </Bovidae>
                  </Artiodactyla>
               </Mammalia>
            </animal>
         </actor>
      </entity>
   </types>
   <instance>
      <BFGEntity/>
   </instance>
   <shared>
      <UIToggleButton template="adopt">
         <on>
            <event msg="ZT_SETPLACEMENTOBJECT" data="BFString" string="GazelleThomsons_Young_M"/>
         </on>
      </UIToggleButton>
      <BFAIEntityDataShared b_Male="1"/>
   </shared>
</BFTypedBinder>