<BFTypedBinder binderType="Gemsbok_Adult_F">
   <types>
      <entity>
         <actor>
            <animal>
               <Mammalia>
                  <Artiodactyla>
                     <Bovidae>
                        <Gemsbok>
                           <Gemsbok_Adult>
                              <Gemsbok_Adult_F/>
                           </Gemsbok_Adult>
                        </Gemsbok>
                     </Bovidae>
                  </Artiodactyla>
               </Mammalia>
            </animal>
         </actor>
      </entity>
   </types>
   <instance>
      <BFGEntity/>
   </instance>
   <shared>
      <BFAIEntityDataShared b_Male="0" f_adoptCount="rand(1,2)"/>
   </shared>
   <binder>
      <BFBinder required="1">
         <instance>
            <BFAIEntityDataInstance b_Pregnant="false"/>
         </instance>
      </BFBinder>
   </binder>
</BFTypedBinder>