<BFTypedBinder binderType="Gemsbok_Adult_M">
   <types>
      <entity>
         <actor>
            <animal>
               <Mammalia>
                  <Artiodactyla>
                     <Bovidae>
                        <Gemsbok>
                           <Gemsbok_Adult>
                              <Gemsbok_Adult_M/>
                           </Gemsbok_Adult>
                        </Gemsbok>
                     </Bovidae>
                  </Artiodactyla>
               </Mammalia>
            </animal>
         </actor>
      </entity>
   </types>
   <instance>
      <BFGEntity/>
   </instance>
   <shared>
      <UIToggleButton template="adopt">
         <on>
            <event msg="ZT_SETPLACEMENTOBJECT" data="BFString" string="Gemsbok_Adult_M"/>
         </on>
      </UIToggleButton>
      <BFAIEntityDataShared b_Male="1" f_adoptCount="rand(1,2)"/>
   </shared>
</BFTypedBinder>