<BFTypedBinder binderType="Giraffe_Adult_M">
   <types>
      <entity>
         <actor>
            <animal>
               <Mammalia>
                  <Artiodactyla>
                     <Giraffidae>
                        <Giraffe>
                           <Giraffe_Adult>
                              <Giraffe_Adult_M/>
                           </Giraffe_Adult>
                        </Giraffe>
                     </Giraffidae>
                  </Artiodactyla>
               </Mammalia>
            </animal>
         </actor>
      </entity>
   </types>
   <instance>
      <BFGEntity/>
   </instance>
   <shared>
      <UIToggleButton template="adopt">
         <on>
            <event msg="ZT_SETPLACEMENTOBJECT" data="BFString" string="Giraffe_Adult_M"/>
         </on>
      </UIToggleButton>
      <BFAIEntityDataShared b_Male="1" f_adoptCount="rand(1,1)"/>
   </shared>
</BFTypedBinder>