<BFTypedBinder binderType="Giraffe_Young_M">
   <types>
      <entity>
         <actor>
            <animal>
               <Mammalia>
                  <Artiodactyla>
                     <Giraffidae>
                        <Giraffe>
                           <Giraffe_Young>
                              <Giraffe_Young_M/>
                           </Giraffe_Young>
                        </Giraffe>
                     </Giraffidae>
                  </Artiodactyla>
               </Mammalia>
            </animal>
         </actor>
      </entity>
   </types>
   <instance>
      <BFGEntity/>
   </instance>
   <shared>
      <UIToggleButton template="adopt">
         <on>
            <event msg="ZT_SETPLACEMENTOBJECT" data="BFString" string="Giraffe_Young_M"/>
         </on>
      </UIToggleButton>
      <BFAIEntityDataShared b_Male="1"/>
   </shared>
</BFTypedBinder>