﻿<BFTypedBinder binderType="GorillaMountain_Adult" abstract="true">
	<types>
		<entity>
			<actor>
				<animal>
					<Mammalia>
						<Primata>
							<Pongidae>
								<GorillaMountain>
									<GorillaMountain_Adult />
								</GorillaMountain>
							</Pongidae>
						</Primata>
					</Mammalia>
				</animal>
			</actor>
		</entity>
	</types>
	<instance>
		<BFGEntity entityVersion="1">
			<physObjParenting>
				<parentObj parent="mainObj" child="shadowObj" rottype="use" postype="ignore" attachnode="link" />
				<parentObj parent="mainObj" child="shadowObj2" rottype="use" postype="ignore" attachnode="link" />
			</physObjParenting>
		</BFGEntity>
	</instance>
	<shared>
		<BFAIEntityDataShared f_viewBonus="60" b_Adult="1" b_RubberToyUser="true" b_PicksUpRubberToy="true" b_PicksUpRattleBall="true" b_EaselUser="true" b_BoneUser="true" b_PicksUpBone="true" b_BallUser="true" b_PicksUpBall="true" b_PicksUpFeederBall="true" b_FeederBallUser="true" b_Territorial="true" s_MorphMessage="zoomessages:AnimalPuberty" f_MorphMessagePriority="1" f_MorphMessageDuration="30" b_MediumPrey="true" />
	</shared>
	<binder>
		<BFNamedBinder binderName="shadowObj">
			<instance>
				<BFPhysObj>
					<BFMovingBlobShadowComponent lodLevel="0" shadowTexture="world\shadows\blob\round_blob3.tga" baseNode="Bip01 Spine1" width="1.5" intensity="0.3" />
				</BFPhysObj>
			</instance>
		</BFNamedBinder>
		<BFNamedBinder binderName="shadowObj2">
			<instance>
				<BFPhysObj>
					<BFMovingBlobShadowComponent lodLevel="0" shadowTexture="world\shadows\blob\round_blob3.tga" baseNode="Bip01 Neck" width="2.0" intensity="0.3" />
				</BFPhysObj>
			</instance>
		</BFNamedBinder>
		<BFNamedBinder binderName="texController" required="1">
			<instance>
				<BFAITextureController currState="well" defaultState="well">
					<attribList>
						<health />
						<hygiene />
					</attribList>
					<stateList>
						<sickanddirty>
							<attribData>
								<health minRange="70" maxRange="101" />
								<hygiene minRange="70" maxRange="101" />
							</attribData>
							<textureData>
								<mainObj material="Gorilla" image="entities\units\animals\GorillaMountain\GorillaMountain_Adult_Sick_Dirty.dds" />
							</textureData>
						</sickanddirty>
						<sick>
							<attribData>
								<health minRange="70" maxRange="101" />
							</attribData>
							<textureData>
								<mainObj material="Gorilla" image="entities\units\animals\GorillaMountain\GorillaMountain_Adult_Sick.dds" />
							</textureData>
						</sick>
						<dirty>
							<attribData>
								<hygiene minRange="70" maxRange="101" />
							</attribData>
							<textureData>
								<mainObj material="Gorilla" image="entities\units\animals\GorillaMountain\GorillaMountain_Adult_Dirty.dds" />
							</textureData>
						</dirty>
						<well>
							<textureData>
								<mainObj material="Gorilla" image="entities\units\animals\GorillaMountain\GorillaMountain_Adult.dds" />
							</textureData>
						</well>
					</stateList>
				</BFAITextureController>
			</instance>
		</BFNamedBinder>
		<BFBinder required="1">
			<instance>
				<BFLocomotionMgr />
			</instance>
			<binder>
				<BFNamedBinder binderName="groundcarryyoung" required="1">
					<instance>
						<BFLocoAnimate version="1" stationaryAnim="SitBaby_Idle">
							<stop name="StandBaby" />
							<slow name="WalkBaby" />
							<medium name="WalkBaby" />
							<fast name="WalkBaby" />
						</BFLocoAnimate>
					</instance>
				</BFNamedBinder>
			</binder>
		</BFBinder>
		<BFNamedBinder binderName="back" required="1">
			<instance>
				<BFGEntityContainer>
					<slots>
						<BFGEntityContainerSlot ownContents="true" hideContents="false" capacity="1" />
					</slots>
				</BFGEntityContainer>
			</instance>
		</BFNamedBinder>
		<BFBinder required="1">
			<instance>
				<BFGCollisionTester escapeBuffer="0.25" radius=".5" motionClass="mover" waterScore="10" maxSlope=".75" wadeDepth="1" />
			</instance>
		</BFBinder>
	</binder>
</BFTypedBinder>
