<BFTypedBinder binderType="GorillaMountain_Adult_M">
   <types>
      <entity>
         <actor>
            <animal>
               <Mammalia>
                  <Primata>
                     <Pongidae>
                        <GorillaMountain>
                           <GorillaMountain_Adult>
                              <GorillaMountain_Adult_M/>
                           </GorillaMountain_Adult>
                        </GorillaMountain>
                     </Pongidae>
                  </Primata>
               </Mammalia>
            </animal>
         </actor>
      </entity>
   </types>
   <instance>
      <BFGEntity/>
   </instance>
   <shared>
      <UIToggleButton template="adopt">
         <on>
            <event msg="ZT_SETPLACEMENTOBJECT" data="BFString" string="GorillaMountain_Adult_M"/>
         </on>
      </UIToggleButton>
      <BFAIEntityDataShared b_Male="1" f_adoptCount="rand(1,1)"/>
   </shared>
</BFTypedBinder>
