<BFTypedBinder binderType="GorillaMountain_Adult_F">
   <types>
      <entity>
         <actor>
            <animal>
               <Mammalia>
                  <Primata>
                     <Pongidae>
                        <GorillaMountain>
                           <GorillaMountain_Adult>
                              <GorillaMountain_Adult_F/>
                           </GorillaMountain_Adult>
                        </GorillaMountain>
                     </Pongidae>
                  </Primata>
               </Mammalia>
            </animal>
         </actor>
      </entity>
   </types>
   <instance>
      <BFGEntity/>
   </instance>
   <shared>
      <BFAIEntityDataShared b_Male="0" f_adoptCount="rand(1,1)"/>
   </shared>
   <binder>
      <BFNamedBinder binderName="mainObj">
         <instance>
            <BFPhysObj>
               <BFActorComponent actorfile="entities/units/animals/GorillaMountain/GorillaMountain_Adult_F.bfm" scale="0.9"/>
            </BFPhysObj>
         </instance>
      </BFNamedBinder>
      <BFNamedBinder binderName="texController" required="1">
         <instance>
            <BFAITextureController currState="well" defaultState="well">
               <attribList>
                  <health/>
                  <hygiene/>
               </attribList>
               <stateList>
                  <sickanddirty>
                     <attribData>
                        <health minRange="70" maxRange="101"/>
                        <hygiene minRange="70" maxRange="101"/>
                     </attribData>
                     <textureData>
                        <mainObj material="Gorilla" image="entities\units\animals\GorillaMountain\GorillaMountain_Adult_F_Sick_Dirty.dds"/>
                     </textureData>
                  </sickanddirty>
                  <sick>
                     <attribData>
                        <health minRange="70" maxRange="101"/>
                     </attribData>
                     <textureData>
                        <mainObj material="Gorilla" image="entities\units\animals\GorillaMountain\GorillaMountain_Adult_F_Sick.dds"/>
                     </textureData>
                  </sick>
                  <dirty>
                     <attribData>
                        <hygiene minRange="70" maxRange="101"/>
                     </attribData>
                     <textureData>
                        <mainObj material="Gorilla" image="entities\units\animals\GorillaMountain\GorillaMountain_Adult_F_Dirty.dds"/>
                     </textureData>
                  </dirty>
                  <well>
                     <textureData>
                        <mainObj material="Gorilla" image="entities\units\animals\GorillaMountain\GorillaMountain_Adult_F.dds"/>
                     </textureData>
                  </well>
               </stateList>
            </BFAITextureController>
         </instance>
      </BFNamedBinder>
      <BFBinder required="1">
         <instance>
            <BFAIEntityDataInstance b_Pregnant="false"/>
         </instance>
      </BFBinder>
   </binder>
</BFTypedBinder>
