<BFTypedBinder binderType="GorillaMountain" abstract="true" version="2" versionReplace="true">
	<types>
		<entity>
			<actor>
				<animal>
					<Mammalia>
						<Primata>
							<Pongidae>
								<GorillaMountain />
							</Pongidae>
						</Primata>
					</Mammalia>
				</animal>
			</actor>
		</entity>
	</types>
	<instance>
		<BFGEntity />
	</instance>
	<shared>
		<ZTPlacementData icon3Doffset="0 0 1.217686" icon3Dscale="0.849000" />
		<UIToggleButton template="adopt">
			<UIAspect>
				<default image="entities\units\animals\GorillaMountain\GorillaMountain_Adult_F_icon.dds" />
			</UIAspect>
			<UIHelpInfo ids="entityname:GorillaMountain" />
			<on>
				<event msg="ZT_SETPLACEMENTOBJECT" data="BFString" string="GorillaMountain_Adult_F" />
			</on>
		</UIToggleButton>
		<BFAIEntityDataShared f_BaseDonationAmount="100" f_MaxTourValue="70" s_DonateToken="t_DonateGorillaMountain" p_GrabBall="0 -1 0" p_PreyOffset="0 .5 0" s_Species="GorillaMountain" s_Endangerment="Endangered" b_Advanced="true" b_Folivore="true" b_Frugivore="true" b_BambooEater="true" b_Insectivore="true" s_KeeperEatType="Terrain_Bananas" b_MonkeyBarsUser="true" b_LargeAnimal="true" b_FoodDishEater="true" s_KeeperDrinkType="FoodDish_Water" b_SubstratePileEater="true" b_Browser="true" f_adoptRemoveTime="0" f_adoptRarity="80" s_Zoopedia="zoopedia:zoopedia_gorilla:entry" f_RequiredInitialSpace="280" f_RequiredAdditionalSpace="40" p_PursuitBallNode="0 -1.5 180" p_FenceClimbNode="0 -3 180" p_TouchDock="0 -1.75 180" p_NursingNode="0 0 180" p_BackDockingNode="0 1.1 0" b_CubbingDenUser="true" b_GroundNestBuilder="true" b_GroundNestUser="true" b_RaisedSleepingPlatformUser="true" b_ShadeStructureUser="true" b_SleepingBasketUser="true" b_SmallWoodenShelterUser="true" b_SmallSnowCaveOddUser="true" b_SmallRockCaveUser="true" b_SmallConcreteShelterUser="true" b_LargeWoodenShelterUser="true" b_LargeSnowCaveOddUser="true" b_LargeRockCaveUser="true" b_LargeConcreteShelterUser="true" b_TropicalRainforestAnimal="true" b_ClimbsLargeWetlandsRockLarge="true" b_WetlandsOdd="true" b_ClimbsMediumTundraRockLarge="true" b_TundraOdd="true" b_ClimbsLargeTundraRockLarge="true" b_ClimbsLargeTropicalRainforestRockLarge="true" b_ClimbsMediumTemperateForestRockLarge="true" b_TemperateForestOdd="true" b_ClimbsLargeTemperateForestRockLarge="true" b_ScrubOdd="true" b_ClimbsMediumScrubRockLarge="true" b_ClimbsLargeScrubRockLarge="true" b_SavannahOdd="true" b_ClimbsMediumSavannahRockLarge="true" b_ClimbsLargeSavannahRockLarge="true" b_ClimbsMediumGrasslandRockLarge="true" b_GrasslandOdd="true" b_ClimbsLargeGrasslandRockLarge="true" b_DesertOdd="true" b_ClimbsMediumDesertRockLarge="true" b_ClimbsLargeDesertRockSmall="true" b_ClimbsLargeDesertRockLarge="true" b_BorealForestOdd="true" b_ClimbsMediumBorealForestRockLarge="true" b_ClimbsLargeBorealForestRockLarge="true" b_AlpineOdd="true" b_ClimbsMediumAlpineRockLarge="true" b_ClimbsLargeAlpineRockLarge="true" b_AppleTreatEater="true" b_RattleBallUser="true" b_PursuitBallUser="true" b_PlasticBarrelUser="true" b_FigEater="true" b_CarTireUser="true" b_EatsFromFeederBall="true" b_BerriesEater="true" b_DurianFruitEater="true" p_HollowLogDock="-.5 -.75 180" b_TermiteMoundUser="true" b_KopjeUser="true">
			<BFAINeedAdjusts privacy="0.1" />
		</BFAIEntityDataShared>
		<BFGBiomeData location="tropicalrainforest_africa" locationSensitivity="10">
			<alpine sensitivity="-10" />
			<borealforest sensitivity="-10" />
			<desert sensitivity="-10" />
			<grassland sensitivity="-5" />
			<temperateforest sensitivity="-5" />
			<tropicalrainforest sensitivity="10" primary="true" />
			<tundra sensitivity="-10" />
			<savannah sensitivity="-10" />
			<scrub sensitivity="-10" />
			<wetlands sensitivity="-5" />
		</BFGBiomeData>
		<ZTUserStaffAction>
			<SetAttribute name="hygiene" value="0" threshold="20" locid="superstaff:animal_groom" effect="SuperStaffGroom" />
			<SetAttribute name="health" value="0" threshold="20" locid="superstaff:animal_heal" effect="SuperStaffHeal" />
		</ZTUserStaffAction>
	</shared>
	<binder>
		<BFNamedBinder binderName="mainObj">
			<instance>
				<BFPhysObj>
					<BFShadowLODComponent numLevels="1" switchingDists="60.0" />
					<BFActorComponent actorfile="entities/units/animals/GorillaMountain/GorillaMountain_Adult_M.bfm" />
					<BF4LegsGroundFitComponent heightOffset="-.10" maxRollError=".2" maxPitchError=".1" maxHeightError=".5" pitchGain="2.00" heightGain="6.0" rollGain="1.0" bicyclePointBack="Bip01 Pelvis" bicyclePointFront="Bip01 Neck" frontBuoyancyNode="Node_Buoy" backBuoyancyNode="Node_Buoy_Back" />
					<BFSecondaryAnimComponent animName="Secondary_MouthA" frequency="1.5" chance="40" validAnims="Stand_Idle,Stand_AttackGuest,Stand_AttackHigh,Stand_AttackLow,Stand_AttackMed,Stand_BatObject,Stand_Dig,Stand_FingerPaint,Stand_Growl,Stand_Grunt,Stand_HeadShake,Stand_LookLeft,Stand_LookRight,Stand_Ponder,Stand_Scratch,Stand_SearchGround,Stand_TurnLeft90,Stand_TurnRight90,GroomOther_C,GroomOther_Idle,Sit_Idle,Sit_LookLeft,Sit_LookRight,Sit_Ponder,LieBack_A,LieBack_Idle,LieFront_Idle,LieFront_A,LieFront_B,SitBaby_Idle,SitObject_Idle,StandBaby_Idle,StandBaby_TurnLeft90,StandBaby_TurnRight90,StandObject_Idle,StandObject_TurnLeft90,StandObject_TurnRight90,StandObject_Wave,Pee_Idle,Poop_Idle" />
					<BFSecondaryAnimComponent animName="Secondary_MouthB" frequency="1.5" chance="40" validAnims="Stand_Idle,Stand_AttackGuest,Stand_AttackHigh,Stand_AttackLow,Stand_AttackMed,Stand_BatObject,Stand_Dig,Stand_FingerPaint,Stand_Growl,Stand_Grunt,Stand_HeadShake,Stand_LookLeft,Stand_LookRight,Stand_Ponder,Stand_Scratch,Stand_SearchGround,Stand_TurnLeft90,Stand_TurnRight90,GroomOther_C,GroomOther_Idle,Sit_Idle,Sit_LookLeft,Sit_LookRight,Sit_Ponder,LieBack_A,LieBack_Idle,LieFront_Idle,LieFront_A,LieFront_B,SitBaby_Idle,SitObject_Idle,StandBaby_Idle,StandBaby_TurnLeft90,StandBaby_TurnRight90,StandObject_Idle,StandObject_TurnLeft90,StandObject_TurnRight90,StandObject_Wave,Pee_Idle,Poop_Idle" />
					<BFForwardMovingComponent />
					<BFRotYawMovingComponent />
					<BFCollisionComponent grid="Grid" />
					<BFGridCollisionComponent />
					<BFDecalTextureCycleComponent materialName="Gorilla">
						<Step imageName="entities/units/animals/shared/tiger_blink_blank.dds" hold="3.0" variance="0.5" />
						<Step imageName="entities/units/animals/shared/tiger_blink02.dds" hold="0.08" variance="" />
						<Step imageName="entities/units/animals/shared/tiger_blink.dds" hold="0.1" variance="" />
						<Step imageName="entities/units/animals/shared/tiger_blink02.dds" hold="0.08" variance="" />
					</BFDecalTextureCycleComponent>
					<BFHeadLookComponent leftRightAnimName="Secondary_HeadLook" lookDirNode="Bip01 Head" lookDirVector="1 0 0" gain_z="-2" fov_extreme_lr="90.0" />
				</BFPhysObj>
			</instance>
			<shared>
				<BFTextTagMacrosComponent>
					<MACROS>
						<macro name="ClimbBananaTree" text="!anim &apos;Climb_Idle&apos; blend .3 advance_cur_t, anim &apos;Climb_Idle&apos;, dis, exit" />
						<macro name="ClimbBaobob180" text="!anim &apos;Climb_Idle&apos; blend .3 advance_cur_t, anim &apos;Climb_Idle&apos;, dis, anim &apos;Climb_Turn180Right&apos;, exit" />
						<macro name="ClimbThing" text="anim &apos;Climb_Up&apos;" />
						<macro name="ClimbDown" text="anim &apos;Climb_Down&apos;" />
						<macro name="CatJumpOn" text="as 100 1, anim &apos;Stand_2Climb&apos;" />
						<macro name="CatJumpOff" text="as 100 1,  anim &apos;Climb_2Stand&apos;" />
						<macro name="CatHangOn" text="anim &apos;Climb_Idle&apos;" />
						<macro name="JumpOnRock" text="anim &apos;Stand_2Walk&apos;, as 100 1, anim &apos;Walk_Jump&apos;, anim &apos;Walk_2Stand&apos;, anim &apos;Stand_Idle&apos;" />
						<macro name="Walky" text="anim &apos;Walk_Ahead&apos;" />
						<macro name="Walky2Standy" text="anim &apos;Walk_2Stand&apos;, anim&apos;Stand_Idle&apos;" />
						<macro name="Stand2LieBelly" text="anim &apos;Stand_2Sit&apos;, anim &apos;Sit_Idle&apos;" />
						<macro name="LieBelly2Stand" text="anim &apos;Sit_2Stand&apos;, anim &apos;Stand_Idle&apos;" />
						<macro name="Standy2Walky" text="anim &apos;Stand_2Walk&apos;, anim &apos;Walk_Ahead&apos;" />
						<macro name="LieOnBelly" text="anim &apos;Sit_Idle&apos;" />
						<macro name="TurnLeft180" text="anim &apos;Stand_TurnLeft90&apos;, anim &apos;Stand_TurnLeft90&apos;" />
						<macro name="TurnRight180" text="anim &apos;Stand_TurnRight90&apos;, anim &apos;Stand_TurnRight90&apos;" />
						<macro name="Stand2Sit" text="anim &apos;Stand_2Sit&apos;, anim &apos;Sit_Idle&apos;" />
						<macro name="TurnLeft90" text="anim &apos;Stand_TurnLeft90&apos;" />
						<macro name="TurnRight90" text="anim &apos;Stand_TurnRight90&apos;" />
						<macro name="RedPandaWalk" text="anim &apos;Walk_Ahead&apos;" />
						<macro name="RedPandaClimb180" text="anim &apos;Stand_TurnRight90&apos;, anim &apos;Stand_TurnRight90&apos;" />
						<macro name="RedPandaCurl" text="anim &apos;Stand_2Sit&apos;, anim &apos;Sit_Idle&apos;" />
						<macro name="RedPandaCurl2Descend" text="anim &apos;Sit_2Stand&apos;, anim &apos;Stand_Idle&apos;, anim &apos;Stand_2Walk&apos;, anim &apos;Walk_Ahead&apos;" />
                  				<macro name="LieLong" text="anim 'Sit_Idle',anim 'Sit_Idle',anim 'Sit_Idle',anim 'Sit_Idle',anim 'Sit_Idle',anim 'Sit_Idle',anim 'Sit_Idle'"/>
                  				<macro name="Walk2LieBelly" text="!anim 'Walk_2Stand',anim 'Stand_2Sit', anim 'Sit_Idle'"/>		
					</MACROS>
				</BFTextTagMacrosComponent>
			</shared>
		</BFNamedBinder>
		<BFBinder required="1">
			<instance>
				<BFBehaviorMgr behaviorVersion="1">
					<subBehaviors>
						<BFBehAnimate interruptible="true" targetAnim="Sit_Idle" interruptFlag="true" loopFlag="true" />
					</subBehaviors>
				</BFBehaviorMgr>
			</instance>
		</BFBinder>
		<BFBinder required="1">
			<instance>
				<BFLocomotionMgr />
			</instance>
			<binder>
				<BFNamedBinder binderName="ground" required="1">
					<instance>
						<BFLocoAnimate version="1">
							<stop name="Stand" />
							<slow name="Walk" />
							<medium name="Walk" />
							<fast name="Run" />
							<evade name="Run" minAnimSpeed=".8" maxAnimSpeed="1.4" />
						</BFLocoAnimate>
					</instance>
				</BFNamedBinder>
				<BFNamedBinder binderName="groundcarry" required="1">
					<instance>
						<BFLocoAnimate version="1" stationaryAnim="SitObject_Idle">
							<stop name="StandObject" />
							<slow name="WalkObject" />
							<medium name="WalkObject" />
							<fast name="WalkObject" />
							<evade name="WalkObject" minAnimSpeed=".8" maxAnimSpeed="1.4" />
						</BFLocoAnimate>
					</instance>
				</BFNamedBinder>
			</binder>
		</BFBinder>
		<BFNamedBinder binderName="righthand" required="1">
			<instance>
				<BFGEntityContainer>
					<slots>
						<BFGEntityContainerSlot ownContents="true" hideContents="false" capacity="1" />
					</slots>
				</BFGEntityContainer>
			</instance>
		</BFNamedBinder>
		<BFNamedBinder binderName="foodprop" repopulateMethod="byName" required="1">
			<instance>
				<BFGEntityContainer>
					<slots>
						<BFGEntityContainerSlot ownContents="false" hideContents="false" capacity="1" />
					</slots>
				</BFGEntityContainer>
			</instance>
		</BFNamedBinder>
		<BFBinder>
			<instance>
				<ZTEconomyComponent cost="20000">
					<ZTTransaction name="build" costType="parent" type="debit" category="animal" />
				</ZTEconomyComponent>
			</instance>
		</BFBinder>
	</binder>
</BFTypedBinder>
