<BFTypedBinder binderType="Hippopotamus_Adult_F">
   <types>
      <entity>
         <actor>
            <animal>
               <Mammalia>
                  <Artiodactyla>
                     <Hippopotamidae>
                        <Hippopotamus>
                           <Hippopotamus_Adult>
                              <Hippopotamus_Adult_F/>
                           </Hippopotamus_Adult>
                        </Hippopotamus>
                     </Hippopotamidae>
                  </Artiodactyla>
               </Mammalia>
            </animal>
         </actor>
      </entity>
   </types>
   <instance>
      <BFGEntity/>
   </instance>
   <binder>
      <BFNamedBinder binderName="mainObj">
         <instance>
            <BFPhysObj>
               <BFActorComponent actorfile="entities/units/animals/Hippopotamus/Hippopotamus_Adult_M.bfm" scale="0.90"/>
            </BFPhysObj>
         </instance>
      </BFNamedBinder>
      <BFBinder required="1">
         <instance>
            <BFAIEntityDataInstance b_Pregnant="false"/>
         </instance>
      </BFBinder>
   </binder>
   <shared>
      <BFAIEntityDataShared b_Male="0" f_adoptCount="rand(1,1)"/>
   </shared>
</BFTypedBinder>