<BFTypedBinder binderType="Hippopotamus_Young_F">
   <types>
      <entity>
         <actor>
            <animal>
               <Mammalia>
                  <Artiodactyla>
                     <Hippopotamidae>
                        <Hippopotamus>
                           <Hippopotamus_Young>
                              <Hippopotamus_Young_F/>
                           </Hippopotamus_Young>
                        </Hippopotamus>
                     </Hippopotamidae>
                  </Artiodactyla>
               </Mammalia>
            </animal>
         </actor>
      </entity>
   </types>
   <instance>
      <BFGEntity/>
   </instance>
   <shared>
      <UIToggleButton template="adopt">
         <on>
            <event msg="ZT_SETPLACEMENTOBJECT" data="BFString" string="Hippopotamus_Young_F"/>
         </on>
      </UIToggleButton>
      <BFAIEntityDataShared b_Male="0"/>
   </shared>
</BFTypedBinder>
