<BFTypedBinder binderType="Hippopotamus_Adult_M">
   <types>
      <entity>
         <actor>
            <animal>
               <Mammalia>
                  <Artiodactyla>
                     <Hippopotamidae>
                        <Hippopotamus>
                           <Hippopotamus_Adult>
                              <Hippopotamus_Adult_M/>
                           </Hippopotamus_Adult>
                        </Hippopotamus>
                     </Hippopotamidae>
                  </Artiodactyla>
               </Mammalia>
            </animal>
         </actor>
      </entity>
   </types>
   <instance>
      <BFGEntity/>
   </instance>
   <shared>
      <UIToggleButton template="adopt">
         <on>
            <event msg="ZT_SETPLACEMENTOBJECT" data="BFString" string="Hippopotamus_Adult_M"/>
         </on>
      </UIToggleButton>
      <BFAIEntityDataShared b_Male="1" f_adoptCount="rand(1,1)"/>
   </shared>
</BFTypedBinder>