<BFTypedBinder binderType="Kangaroo_Adult_M">
   <types>
      <entity>
         <actor>
            <animal>
               <Mammalia>
                  <Diprodonta>
                     <Macropodidae>
                        <Kangaroo>
                           <Kangaroo_Adult>
                              <Kangaroo_Adult_M/>
                           </Kangaroo_Adult>
                        </Kangaroo>
                     </Macropodidae>
                  </Diprodonta>
               </Mammalia>
            </animal>
         </actor>
      </entity>
   </types>
   <instance>
      <BFGEntity/>
   </instance>
   <shared>
      <UIToggleButton template="adopt">
         <UIAspect>
            <default image="entities/units/animals/KangarooRed/Kangaroo_Adult_M_icon.dds"/>
         </UIAspect>
         <on>
            <event msg="ZT_SETPLACEMENTOBJECT" data="BFString" string="Kangaroo_Adult_M"/>
         </on>
      </UIToggleButton>
      <BFAIEntityDataShared b_Male="1" f_adoptCount="rand(1,1)"/>
   </shared>
   <binder>
      <BFNamedBinder binderName="mainObj">
         <instance>
            <BFPhysObj>
               <BFActorComponent actorfile="entities/units/animals/KangarooRed/Kangaroo_Adult_M.bfm"/>
  <BFDecalTextureCycleComponent materialName="Kangaroo_Adult_M_MTL">
                  <Step imageName="entities/units/animals/shared/tiger_blink_blank.dds" hold="3.0" variance="0.5"/>
                  <Step imageName="entities/units/animals/shared/tiger_blink02.dds" hold="0.08" variance=""/>
                  <Step imageName="entities/units/animals/shared/tiger_blink.dds" hold="0.1" variance=""/>
                  <Step imageName="entities/units/animals/shared/tiger_blink02.dds" hold="0.08" variance=""/>
               </BFDecalTextureCycleComponent>
            </BFPhysObj>
         </instance>
      </BFNamedBinder>
      <BFNamedBinder binderName="texController" required="1">
         <instance>
            <BFAITextureController currState="well" defaultState="well">
               <attribList>
                  <health/>
                  <hygiene/>
               </attribList>
               <stateList>
                  <sickanddirty>
                     <attribData>
                        <health minRange="70" maxRange="101"/>
                        <hygiene minRange="70" maxRange="101"/>
                     </attribData>
                     <textureData>
                        <mainObj material="Kangaroo_Adult_M_MTL" image="entities\units\animals\KangarooRed\Kangaroo_Adult_M_Sick_Dirty.dds"/>
                     </textureData>
                  </sickanddirty>
                  <sick>
                     <attribData>
                        <health minRange="70" maxRange="101"/>
                     </attribData>
                     <textureData>
                        <mainObj material="Kangaroo_Adult_M_MTL" image="entities\units\animals\KangarooRed\Kangaroo_Adult_M_Sick.dds"/>
                     </textureData>
                  </sick>
                  <dirty>
                     <attribData>
                        <hygiene minRange="70" maxRange="101"/>
                     </attribData>
                     <textureData>
                        <mainObj material="Kangaroo_Adult_M_MTL" image="entities\units\animals\KangarooRed\Kangaroo_Adult_M_Dirty.dds"/>
                     </textureData>
                  </dirty>
                  <well>
                     <textureData>
                        <mainObj material="Kangaroo_Adult_M_MTL" image="entities\units\animals\KangarooRed\Kangaroo_Adult_M.dds"/>
                     </textureData>
                  </well>
               </stateList>
            </BFAITextureController>
         </instance>
      </BFNamedBinder>
   </binder>
</BFTypedBinder>
