<BFTypedBinder binderType="Kangaroo_Young_F">
   <types>
      <entity>
         <actor>
            <animal>
               <Mammalia>
                  <Diprodonta>
                     <Macropodidae>
                        <Kangaroo>
                           <Kangaroo_Young>
                              <Kangaroo_Young_F/>
                           </Kangaroo_Young>
                        </Kangaroo>
                     </Macropodidae>
                  </Diprodonta>
               </Mammalia>
            </animal>
         </actor>
      </entity>
   </types>
   <instance>
      <BFGEntity/>
   </instance>
   <shared>
      <UIToggleButton template="adopt">
         <on>
            <event msg="ZT_SETPLACEMENTOBJECT" data="BFString" string="Kangaroo_Young_F"/>
         </on>
      </UIToggleButton>
      <BFAIEntityDataShared b_Male="0"/>
   </shared>
</BFTypedBinder>