<BFTypedBinder binderType="Koala" abstract="true">
	<types>
		<entity>
			<actor>
				<animal>
					<Mammalia>
						<Diprotodontia>
							<Phascolarctidae>
								<Koala />
							</Phascolarctidae>
						</Diprotodontia>
					</Mammalia>
				</animal>
			</actor>
		</entity>
	</types>
	<instance>
		<BFGEntity entityVersion="1">
			<physObjParenting>
				<parentObj parent="mainObj" child="shadowObj" rottype="use" postype="ignore" attachnode="link" />
				<parentObj parent="mainObj" child="shadowObj2" rottype="use" postype="ignore" attachnode="link" />
			</physObjParenting>
		</BFGEntity>
	</instance>
	<shared>
		<UIToggleButton template="adopt">
			<UIAspect>
				<default image="entities/units/animals/Koala/Koala_Adult_F_icon.dds" />
			</UIAspect>
			<UIHelpInfo ids="entityname:Koala" />
			<on>
				<event msg="ZT_SETPLACEMENTOBJECT" data="BFString" string="Koala_Adult_F" />
			</on>
		</UIToggleButton>
		<BFAIEntityDataShared s_Product="EndangeredSpecies" f_MaxTourValue="45" f_BaseDonationAmount="100" s_DonateToken="t_DonateKoala" p_AttackGuestNode="0 -0.35 0" p_FenceClimbNode="0 -1 180" p_PreyOffset="0 .5 0" s_Endangerment="LowRisk" s_Species="Koala" b_Medium="true" s_KeeperEatType="Terrain_Eucalyptus" b_SubstratePileEater="true" b_SmallAnimal="true" b_FoodDishEater="true" s_KeeperDrinkType="FoodDish_Water" b_ElevatedFoodDishEater="true" f_adoptRarity="50" s_Zoopedia="zoopedia:zoopedia_koala:entry" f_RequiredInitialSpace="200" f_RequiredAdditionalSpace="12" p_PursuitBallNode="0 -3 180" p_NursingNode="0 -.25 180" b_ClimbsEvergreenOak="true" b_AlpineOdd="true" b_EucalyptusEater="true" b_LookoutPostUser="true" b_BorealForestOdd="true" b_DesertOdd="true" b_GrasslandOdd="true" b_SavannahOdd="true" b_ScrubOdd="true" b_TropicalRainforestOdd="true" b_TundraOdd="true" b_WetlandsOdd="true" b_TemperateForestAnimal="true" b_SmallPrey="true">
			<BFAINeedAdjusts rest="0.4" exercise="0.2" privacy="0.2" social="0.2" stimulation="0.2" />
		</BFAIEntityDataShared>
		<BFGBiomeData location="temperateforest_australia" locationSensitivity="10">
			<alpine sensitivity="0" />
			<borealforest sensitivity="2" />
			<desert sensitivity="-5" />
			<grassland sensitivity="0" />
			<temperateforest sensitivity="10" primary="true" />
			<tropicalrainforest sensitivity="0" />
			<tundra sensitivity="-10" />
			<savannah sensitivity="-5" />
			<scrub sensitivity="-5" />
			<wetlands sensitivity="-5" />
		</BFGBiomeData>
		<ZTPlacementData icon3Doffset="0 0 1" icon3Dscale="1.5" />
		<ZTUserStaffAction>
			<SetAttribute name="hygiene" value="0" threshold="20" locid="superstaff:animal_groom" effect="SuperStaffGroom" />
			<SetAttribute name="health" value="0" threshold="20" locid="superstaff:animal_heal" effect="SuperStaffHeal" />
		</ZTUserStaffAction>
	</shared>
	<binder>
		<BFNamedBinder binderName="mainObj">
			<instance>
				<BFPhysObj>
					<BFShadowLODComponent numLevels="1" switchingDists="60.0" />
					<BFActorComponent actorfile="entities/units/animals/Koala/Koala_Adult_F.bfm" />
					<BF4LegsGroundFitComponent heightOffset="0" maxRollError=".2" maxPitchError=".1" maxHeightError=".5" pitchGain="2.00" heightGain="6.0" rollGain="1.0" bicyclePointBack="bp2" bicyclePointFront="bp1" frontBuoyancyNode="Node_Buoy" backBuoyancyNode="Node_Buoy_Back" />
					<BFLegFitComponent maxLegRaise="2.0" leftFrontHipJoint="Bip01 L Forearm" leftFrontKneeJoint="Bip01 L Hand" leftFrontAnkleJoint="Bip01 L Finger0" rightFrontHipJoint="Bip01 R Forearm" rightFrontKneeJoint="Bip01 R Hand" rightFrontAnkleJoint="Bip01 R Finger0" leftBackHipJoint="Bip01 L Thigh" leftBackKneeJoint="Bip01 L Calf" leftBackAnkleJoint="Bip01 L Foot" rightBackHipJoint="Bip01 R Thigh" rightBackKneeJoint="Bip01 R Calf" rightBackAnkleJoint="Bip01 R Foot" ankleRotVectorLeftFront="0 1 0" ankleRotVectorRightFront="0 -1 0" ankleRotVectorRightBack="0 0 -1" ankleRotVectorLeftBack="0 0 -1" hipRaiseVectorLeftFront="0 0 1" hipRaiseVectorRightFront="0 0 1" hipRaiseVectorLeftBack="0 0 1" hipRaiseVectorRightBack="0 0 1" kneeRaiseVectorLeftFront="0 0 1" kneeRaiseVectorRightFront="0 0 1" kneeRaiseVectorLeftBack="0 0 1" kneeRaiseVectorRightBack="0 0 1" legFitModeLeftFront="0" legFitModeRightFront="0" legFitModeRightBack="1" legFitModeLeftBack="1" anklePitchVector="0 -1 0" maxLOD="1" />
					<BFSecondaryAnimComponent animName="Secondary_MouthA" frequency="1.5" chance="40" validAnims="Stand_Idle,Pee_Idle,Poop_Idle,Stand_BatObject,Stand_ContactCall,Stand_MarkScent,Stand_Nervous,Stand_Ponder,Stand_TurnRight90,Stand_TurnLeft90,Climb_Down,Climb_Idle,Climb_LookLeft,Climb_LookRight,Climb_PickFruit,Climb_Scratch,Climb_Turn180Right,Climb_Up,StandBi_Idle,StandBi_Nervous,StandBi_Ponder,StandBi_TurnLeftA,StandBi_TurnRightA,StandEat_A,StandEAt_Idle,StandBiObject_Idle" />
					<BFSecondaryAnimComponent animName="Secondary_EarA" frequency="1.5" chance="40" validAnims="Stand_Idle,Pee_Idle,Poop_Idle,Stand_BatObject,Stand_ContactCall,Stand_MarkScent,Stand_Nervous,Stand_Ponder,Stand_TurnRight90,Stand_TurnLeft90,Climb_Down,Climb_Idle,Climb_LookLeft,Climb_LookRight,Climb_PickFruit,Climb_Scratch,Climb_Turn180Right,Climb_Up,StandBi_Idle,StandBi_Nervous,StandBi_Ponder,StandBi_TurnLeftA,StandBi_TurnRightA,StandEat_A,StandEAt_Idle,StandBiObject_Idle" />
					<BFForwardMovingComponent />
					<BFRotYawMovingComponent />
					<BFCollisionComponent grid="Bip01 Spine1" />
					<BFGridCollisionComponent />
					<BFDecalTextureCycleComponent materialName="body blinn" textureSet="2">
						<Step imageName="entities/units/animals/shared/tiger_blink_blank.dds" hold="3.0" variance="0.5" />
						<Step imageName="entities/units/animals/shared/tiger_blink02.dds" hold="0.08" variance="" />
						<Step imageName="entities/units/animals/shared/tiger_blink.dds" hold="0.1" variance="" />
						<Step imageName="entities/units/animals/shared/tiger_blink02.dds" hold="0.08" variance="" />
					</BFDecalTextureCycleComponent>
					<BFHeadLookComponent leftRightAnimName="Secondary_Headlook" lookDirNode="Bip01 Head" lookDirVector="0 1 0" gain_z="-2" fov_extreme_lr="90.0" />
				</BFPhysObj>
			</instance>
			<shared>
				<BFTextTagMacrosComponent>
					<MACROS>
						<macro name="ClimbAcacia" text="!anim &apos;Climb_Idle&apos; blend .3 advance_cur_t, dis, exit" />
						<macro name="ClimbBananaTree" text="!anim &apos;Climb_Idle&apos; blend .3 advance_cur_t, anim &apos;Climb_Idle&apos;, dis, exit" />
						<macro name="ClimbBaobob180" text="!anim &apos;Climb_Idle&apos; blend .3 advance_cur_t, anim &apos;Climb_Idle&apos;, dis, anim &apos;Climb_Turn180Right&apos;, exit" />
						<macro name="ClimbElephantEar" text="!anim &apos;Climb_Idle&apos; blend 0.5 advance_cur_t, dis, exit" />
						<macro name="ClimbKily" text="!anim &apos;Climb_Idle&apos; blend .2 advance_cur_t, anim &apos;Climb_2Stand&apos;, anim &apos;Stand_2Walk&apos;, anim &apos;Walk_Ahead&apos;, anim &apos;Walk_2Stand&apos;, dis, TurnLeft180,  anim &apos;Stand_2Sit&apos;, anim &apos;Sit_Idle&apos;,  exit" />
						<macro name="ClimbTreeFernA" text="!anim &apos;Climb_Idle&apos; blend .3 advance_cur_t, dis, Climb2Walk, exit" />
						<macro name="ClimbThing" text="anim &apos;Stand_2Climb&apos;, anim &apos;Climb_Up&apos;" />
						<macro name="ClimbDown" text="anim &apos;Climb_Down&apos;" />
						<macro name="Climb2Walk" text="!anim &apos;Climb_Idle&apos; blend .3 advance_cur_t, dis, anim &apos;Climb_2Stand&apos;" />
						<macro name="JumpOnHeatedRock" text="as 100 1, anim &apos;Stand_Jump&apos;" />
						<macro name="JumpOnRock" text="as 100 1, anim &apos;Stand_Jump&apos;" />
						<macro name="TurnLeft180" text="anim &apos;Stand_TurnLeft90&apos;, anim &apos;Stand_TurnLeft90&apos;" />
						<macro name="TurnRight180" text="anim &apos;Stand_TurnRight90&apos;, anim &apos;Stand_TurnRight90&apos;" />
						<macro name="PlatformEat" text="anim &apos;Stand_2Eat&apos;, anim &apos;Eat_Idle&apos;, anim &apos;Eat_2Sit&apos;, anim &apos;Sit_2Stand&apos;" />
						<macro name="Walky" text="anim &apos;Walk_Ahead&apos;" />
						<macro name="Stand2LieBelly" text="anim &apos;Stand_2Sit&apos;" />
						<macro name="LieBelly2Stand" text="anim &apos;Sit_2Stand&apos;, anim &apos;Stand_Idle&apos;" />
						<macro name="Standy2Walky" text="anim &apos;Stand_2Walk&apos;, anim &apos;Walk_Ahead&apos;" />
						<macro name="Walky2Standy" text="anim &apos;Walk_2Stand&apos;, anim &apos;Stand_Idle&apos;" />
						<macro name="RedPandaWalk" text="anim &apos;Walk_Ahead&apos;" />
						<macro name="RedPandaClimb180" text="anim &apos;Stand_TurnRight90&apos;, anim &apos;Stand_TurnRight90&apos;" />
						<macro name="RedPandaCurl" text="anim &apos;Stand_2Sit&apos;, anim &apos;Sit_Idle&apos;" />
						<macro name="RedPandaCurl2Descend" text="anim &apos;Sit_2Stand&apos;, anim &apos;Stand_Idle&apos;, anim &apos;Stand_2Walk&apos;, anim &apos;Walk_Ahead&apos;" />
					</MACROS>
				</BFTextTagMacrosComponent>
			</shared>
		</BFNamedBinder>
		<BFBinder required="1">
			<instance>
				<BFBehaviorMgr behaviorVersion="1">
					<subBehaviors>
						<BFBehAnimate interruptible="true" targetAnim="Stand_Idle" interruptFlag="true" loopFlag="true" />
					</subBehaviors>
				</BFBehaviorMgr>
			</instance>
		</BFBinder>
		<BFBinder required="1">
			<instance>
				<BFLocomotionMgr />
			</instance>
			<binder>
				<BFNamedBinder binderName="ground" required="1">
					<instance>
						<BFLocoAnimate version="1">
							<stop name="Stand" />
							<slow name="Walk" />
							<medium name="Run" />
							<fast name="Run" />
							<evade name="Run" minAnimSpeed="0.6" maxAnimSpeed="1.4" />
						</BFLocoAnimate>
					</instance>
				</BFNamedBinder>
			</binder>
		</BFBinder>
		<BFNamedBinder binderName="foodprop" repopulateMethod="byName" required="1">
			<instance>
				<BFGEntityContainer>
					<slots>
						<BFGEntityContainerSlot ownContents="false" hideContents="false" capacity="1" />
					</slots>
				</BFGEntityContainer>
			</instance>
		</BFNamedBinder>
		<BFBinder>
			<instance>
				<ZTEconomyComponent cost="7500">
					<ZTTransaction name="build" costType="parent" type="debit" category="animal" />
				</ZTEconomyComponent>
			</instance>
		</BFBinder>
	</binder>
</BFTypedBinder>
