<BFTypedBinder binderType="LemurRingtailed_Adult_F">
   <types>
      <entity>
         <actor>
            <animal>
               <Mammalia>
                  <Primata>
                     <Lemuridae>
                        <LemurRingtailed>
                           <LemurRingtailed_Adult>
                              <LemurRingtailed_Adult_F/>
                           </LemurRingtailed_Adult>
                        </LemurRingtailed>
                     </Lemuridae>
                  </Primata>
               </Mammalia>
            </animal>
         </actor>
      </entity>
   </types>
   <instance>
      <BFGEntity/>
   </instance>
   <shared>
      <BFAIEntityDataShared b_Male="0" f_adoptCount="rand(1,2)"/>
   </shared>
   <binder>
      <BFBinder required="1">
         <instance>
            <BFAIEntityDataInstance b_Pregnant="false"/>
         </instance>
      </BFBinder>
      <BFNamedBinder binderName="back" required="1">
         <instance>
            <BFGEntityContainer>
               <slots>
                  <BFGEntityContainerSlot ownContents="true" hideContents="false" capacity="1"/>
               </slots>
            </BFGEntityContainer>
         </instance>
      </BFNamedBinder>
      <BFBinder required="1">
         <instance>
            <BFBehaviorMgr behaviorVersion="1">
               <subBehaviors>
                  <BFBehAnimate interruptible="true" targetAnim="Sit_Idle" interruptFlag="true" loopFlag="true"/>
               </subBehaviors>
            </BFBehaviorMgr>
         </instance>
      </BFBinder>
      <BFBinder required="1">
         <instance>
            <BFLocomotionMgr/>
         </instance>
         <binder>
            <BFNamedBinder binderName="groundcarryyoung" required="1">
               <instance>
                  <BFLocoAnimate version="1" stationaryAnim="StandBaby_Idle">
                     <stop name="StandBaby"/>
                     <slow name="WalkBaby"/>
                     <medium name="RunBaby"/>
                     <fast name="RunBaby"/>
                  </BFLocoAnimate>
               </instance>
            </BFNamedBinder>
         </binder>
      </BFBinder>
   </binder>
</BFTypedBinder>