<BFTypedBinder binderType="LemurRingtailed_Young_M">
   <types>
      <entity>
         <actor>
            <animal>
               <Mammalia>
                  <Primata>
                     <Lemuridae>
                        <LemurRingtailed>
                           <LemurRingtailed_Young>
                              <LemurRingtailed_Young_M/>
                           </LemurRingtailed_Young>
                        </LemurRingtailed>
                     </Lemuridae>
                  </Primata>
               </Mammalia>
            </animal>
         </actor>
      </entity>
   </types>
   <instance>
      <BFGEntity/>
   </instance>
   <shared>
      <UIToggleButton template="adopt">
         <on>
            <event msg="ZT_SETPLACEMENTOBJECT" data="BFString" string="LemurRingtailed_Young_M"/>
         </on>
      </UIToggleButton>
      <BFAIEntityDataShared b_Male="1"/>
   </shared>
</BFTypedBinder>