<BFTypedBinder binderType="LemurRingtailed" abstract="true">
	<types>
		<entity>
			<actor>
				<animal>
					<Mammalia>
						<Primata>
							<Lemuridae>
								<LemurRingtailed />
							</Lemuridae>
						</Primata>
					</Mammalia>
				</animal>
			</actor>
		</entity>
	</types>
	<instance>
		<BFGEntity entityVersion="1">
			<physObjParenting>
				<parentObj parent="mainObj" child="shadowObj" rottype="use" postype="ignore" attachnode="link" />
			</physObjParenting>
		</BFGEntity>
	</instance>
	<shared>
		<UIToggleButton template="adopt">
			<UIAspect>
				<default image="entities/units/animals/LemurRingtailed/LemurRingtailed_Adult_F_icon.dds" />
			</UIAspect>
			<UIHelpInfo ids="entityname:LemurRingtailed" />
			<on>
				<event msg="ZT_SETPLACEMENTOBJECT" data="BFString" string="LemurRingtailed_Adult_F" />
			</on>
		</UIToggleButton>
		<BFAIEntityDataShared f_BaseDonationAmount="80" f_MaxTourValue="50" s_DonateToken="t_DonateLemurRingtailed" p_AttackGuestNode="0 -1.5 0" p_FenceClimbNode="0 -1.5 180" p_PreyOffset="0 .5 0" s_Endangerment="Vulnerable" s_Species="LemurRingtailed" b_Medium="true" b_Folivore="true" b_Frugivore="true" b_Ambivore="true" s_KeeperEatType="Terrain_Bananas" b_SubstratePileEater="true" b_SmallAnimal="true" b_FoodDishEater="true" s_KeeperDrinkType="FoodDish_Water" b_ElevatedFoodDishEater="true" f_adoptRemoveTime="0" f_adoptRarity="60" s_Zoopedia="zoopedia:zoopedia_lemur:entry" f_RequiredInitialSpace="200" f_RequiredAdditionalSpace="12" p_PursuitBallNode="0 -3 180" p_NursingNode="0 -.25 180" b_ElevatedNestBoxUser="true" b_GroundNestUser="true" b_RaisedSleepingPlatformUser="true" b_SleepingBasketUser="true" b_SmallWoodenShelterUser="true" b_SmallSnowCaveOddUser="true" b_SmallRockCaveUser="true" b_SmallConcreteShelterUser="true" b_LargeWoodenShelterUser="true" b_LargeSnowCaveOddUser="true" b_LargeRockCaveUser="true" b_LargeConcreteShelterUser="true" b_TropicalRainforestAnimal="true" b_ClimbsLogsOdd="true" b_ScentMarksFoliage="true" b_ScentMarksLargeRocks="true" b_ScentMarksMediumRocks="true" b_ClimbsMediumWetlandsRockSmall="true" b_WetlandsOdd="true" b_ClimbsLargeWetlandsRockLarge="true" b_ClimbsMediumTundraRockLarge="true" b_TundraOdd="true" b_ClimbsLargeTundraRockLarge="true" b_ClimbsMediumTropicalRainforestRockLarge="true" b_ClimbsLargeTropicalRainforestRockLarge="true" b_ClimbsLargeTropicalRainforestRockSmall="true" b_ClimbsMediumTemperateForestRockLarge="true" b_TemperateForestOdd="true" b_ClimbsLargeTemperateForestRockSmall="true" b_ClimbsLargeTemperateForestRockLarge="true" b_ClimbsMediumScrubRockLarge="true" b_ScrubOdd="true" b_ClimbsLargeScrubRockSmall="true" b_ClimbsLargeScrubRockLarge="true" b_ClimbsMediumSavannahRockLarge="true" b_SavannahOdd="true" b_ClimbsLargeSavannahRockLarge="true" b_GrasslandOdd="true" b_ClimbsMediumGrasslandRockLarge="true" b_ClimbsLargeGrasslandRockSmall="true" b_ClimbsLargeGrasslandRockLarge="true" b_DesertOdd="true" b_ClimbsMediumDesertRockLarge="true" b_ClimbsLargeDesertRockSmall="true" b_ClimbsLargeDesertRockLarge="true" b_ClimbsLargeBorealForestRockLarge="true" b_BorealForestOdd="true" b_ClimbsLargeBorealForestRockSmall="true" b_ClimbsMediumAlpineRockLarge="true" b_AlpineOdd="true" b_ClimbsLargeAlpineRockLarge="true" b_ClimbsLargeAlpineRockSmall="true" b_ClimbsBirchTree="true" b_ClimbsWeepingMyallTree="true" b_ClimbsYellowFeverAcaciaTree="true" b_ClimbsTremblingAspenTree="true" b_ClimbsUmbrellaAcaciaTree="true" b_ClimbsOrchidTree="true" b_ClimbsTreeFern="true" b_ClimbsKilyTree="true" b_SitsKilyTree="true" b_PicksFruitFromKilyTree="true" b_ClimbsMapleTree="true" b_ClimbsKapokTree="true" b_ClimbsFoxtailPalmTree="true" b_ClimbsDatePalmTree="true" b_ClimbsElephantEarTree="true" b_ClimbsAcaciaCaffraTree="true" b_ClimbsBananaTree="true" b_PicksFruitFromBananaTree="true" b_RubberToyUser="true" b_RattleBallUser="true" b_PlasticBarrelUser="true" b_LookoutPostUser="true" b_FigEater="true" b_CarTireUser="true" b_BallUser="true" b_FeederBallUser="true" b_ClimbsEvergreenOak="true" b_BerriesEater="true" b_ClimbsSydneyBlueGum="true" b_ClimbsShepardsTree="true" b_ClimbsPerepatTree="true" b_SmallPrey="true" />
		<BFGBiomeData location="tropicalrainforest_madagascar" locationSensitivity="10">
			<alpine sensitivity="-10" />
			<borealforest sensitivity="-5" />
			<desert sensitivity="-10" />
			<grassland sensitivity="2" />
			<temperateforest sensitivity="2" />
			<tropicalrainforest sensitivity="10" primary="true" />
			<tundra sensitivity="-5" />
			<savannah sensitivity="0" />
			<scrub sensitivity="-5" />
			<wetlands sensitivity="0" />
		</BFGBiomeData>
		<ZTPlacementData icon3Doffset="0 0 .59" icon3Dscale="1.95" />
		<ZTUserStaffAction>
			<SetAttribute name="hygiene" value="0" threshold="20" locid="superstaff:animal_groom" effect="SuperStaffGroom" />
			<SetAttribute name="health" value="0" threshold="20" locid="superstaff:animal_heal" effect="SuperStaffHeal" />
		</ZTUserStaffAction>
	</shared>
	<binder>
		<BFNamedBinder binderName="mainObj">
			<instance>
				<BFPhysObj>
					<BFShadowLODComponent numLevels="1" switchingDists="60.0" />
					<BFActorComponent actorfile="entities/units/animals/LemurRingtailed/LemurRingtailed_Adult_F.bfm" />
					<BF4LegsGroundFitComponent heightOffset="0" maxRollError=".2" maxPitchError=".1" maxHeightError=".5" pitchGain="2.00" heightGain="6.0" rollGain="1.0" bicyclePointBack="Bip01" bicyclePointFront="bp1" frontBuoyancyNode="Node_Buoy" backBuoyancyNode="Node_Buoy_Back" />
					<BFLegFitComponent maxLegRaise="2.0" leftFrontHipJoint="Bip01 L ForeArm" leftFrontKneeJoint="Bip01 L Hand" leftFrontAnkleJoint="Bip01 L Finger0" rightFrontHipJoint="Bip01 R ForeArm" rightFrontKneeJoint="Bip01 R Hand" rightFrontAnkleJoint="Bip01 R Finger0" leftBackHipJoint="Bip01 L Thigh" leftBackKneeJoint="Bip01 L Calf" leftBackAnkleJoint="Bip01 L Foot" rightBackHipJoint="Bip01 R Thigh" rightBackKneeJoint="Bip01 R Calf" rightBackAnkleJoint="Bip01 R Foot" ankleRotVectorLeftFront="0 1 0" ankleRotVectorRightFront="0 -1 0" ankleRotVectorRightBack="0 0 -1" ankleRotVectorLeftBack="0 0 -1" hipRaiseVectorLeftFront="0 0 1" hipRaiseVectorRightFront="0 0 1" hipRaiseVectorLeftBack="0 0 1" hipRaiseVectorRightBack="0 0 1" kneeRaiseVectorLeftFront="0 0 1" kneeRaiseVectorRightFront="0 0 1" kneeRaiseVectorLeftBack="0 0 1" kneeRaiseVectorRightBack="0 0 1" legFitModeLeftFront="0" legFitModeRightFront="0" legFitModeRightBack="1" legFitModeLeftBack="1" anklePitchVector="0 -1 0" maxLOD="1" />
					<BFSecondaryAnimComponent animName="Secondary_TailA" frequency="1.5" chance="40" validAnims="Stand_Idle,Pee_Idle,Poop_Idle,Stand_BatObject,Stand_ContactCall,Stand_MarkScent,Stand_Nervous,Stand_Ponder,Stand_TurnRight90,Stand_TurnLeft90,Climb_Down,Climb_Idle,Climb_LookLeft,Climb_LookRight,Climb_PickFruit,Climb_Scratch,Climb_Turn180Right,Climb_Up,StandBi_Idle,StandBi_Nervous,StandBi_Ponder,StandBi_TurnLeftA,StandBi_TurnRightA,StandEat_A,StandEAt_Idle,StandBiObject_Idle" />
					<BFForwardMovingComponent />
					<BFRotYawMovingComponent />
					<BFCollisionComponent grid="Bip01 Spine1" />
					<BFGridCollisionComponent />
					<BFDecalTextureCycleComponent materialName="9 - Default" textureSet="2">
						<Step imageName="entities/units/animals/shared/tiger_blink_blank.dds" hold="3.0" variance="0.5" />
						<Step imageName="entities/units/animals/shared/tiger_blink02.dds" hold="0.08" variance="" />
						<Step imageName="entities/units/animals/shared/tiger_blink.dds" hold="0.1" variance="" />
						<Step imageName="entities/units/animals/shared/tiger_blink02.dds" hold="0.08" variance="" />
					</BFDecalTextureCycleComponent>
					<BFHeadLookComponent leftRightAnimName="Secondary_HeadLook" lookDirNode="Bip01 Head" lookDirVector="0 1 0" gain_z="-2" fov_extreme_lr="90.0" />
				</BFPhysObj>
			</instance>
			<shared>
				<BFTextTagMacrosComponent>
					<MACROS>
						<macro name="ClimbAcacia" text="!anim &apos;Climb_Idle&apos; blend .3 advance_cur_t, dis, exit" />
						<macro name="ClimbBananaTree" text="!anim &apos;Climb_Idle&apos; blend .3 advance_cur_t, anim &apos;Climb_Idle&apos;, dis, exit" />
						<macro name="ClimbBaobob180" text="!anim &apos;Climb_Idle&apos; blend .3 advance_cur_t, anim &apos;Climb_Idle&apos;, dis, anim &apos;Climb_Turn180Right&apos;, exit" />
						<macro name="ClimbElephantEar" text="!anim &apos;Climb_Idle&apos; blend 0.5 advance_cur_t, dis, exit" />
						<macro name="ClimbKily" text="!anim &apos;Climb_Idle&apos; blend .2 advance_cur_t, anim &apos;Climb_2Stand&apos;, anim &apos;Stand_2Walk&apos;, anim &apos;Walk_Ahead&apos;, anim &apos;Walk_2Stand&apos;, dis, TurnLeft180,  anim &apos;Stand_2Sit&apos;, anim &apos;Sit_Idle&apos;,  exit" />
						<macro name="ClimbTreeFernA" text="!anim &apos;Climb_Idle&apos; blend .3 advance_cur_t, dis, Climb2Walk, exit" />
						<macro name="ClimbThing" text="anim &apos;Walk_2Climb&apos;, anim &apos;Climb_Up&apos;" />
						<macro name="Climb2Sit" text="anim &apos;Climb_2Sit&apos;, anim &apos;Sit_Idle&apos;" />
						<macro name="ClimbDown" text="anim &apos;Climb_Down&apos;" />
						<macro name="Sit2Climb" text="anim &apos;Sit_2Climb&apos;, anim &apos;Climb_Down&apos;" />
						<macro name="Climb2Walk" text="!anim &apos;Climb_Idle&apos; blend .3 advance_cur_t, dis, anim &apos;Climb_2Walk&apos;" />
						<macro name="JumpOnHeatedRock" text="as 100 1, anim &apos;Stand_Jump&apos;" />
						<macro name="JumpOnRock" text="as 100 1, anim &apos;Stand_Jump&apos;" />
						<macro name="TurnLeft180" text="anim &apos;Stand_TurnLeft90&apos;, anim &apos;Stand_TurnLeft90&apos;" />
						<macro name="TurnRight180" text="anim &apos;Stand_TurnRight90&apos;, anim &apos;Stand_TurnRight90&apos;" />
						<macro name="PlatformEat" text="anim &apos;Stand_2Sit&apos;, anim &apos;Sit_2Eat&apos;, anim &apos;Eat_Idle&apos;, anim &apos;Eat_2Sit&apos;, anim &apos;Sit_2Stand&apos;" />
						<macro name="Walky" text="anim &apos;Walk_Ahead&apos;" />
						<macro name="Stand2LieBelly" text="anim &apos;Stand_2Sit&apos;" />
						<macro name="LieBelly2Stand" text="anim &apos;Sit_2Stand&apos;, anim &apos;Stand_Idle&apos;" />
						<macro name="Standy2Walky" text="anim &apos;Stand_2Walk&apos;, anim &apos;Walk_Ahead&apos;" />
						<macro name="Walky2Standy" text="anim &apos;Walk_2Stand&apos;, anim &apos;Stand_Idle&apos;" />
						<macro name="RedPandaTailWalk" text="anim &apos;Walk_2Stand&apos;, anim &apos;Stand_Idle&apos;" />
						<macro name="LieOnBelly" text="anim &apos;Sunbathe_Idle&apos;" />
						<macro name="TurnLeft90" text="anim &apos;Stand_TurnLeft90&apos;" />
						<macro name="TurnRight90" text="anim &apos;Stand_TurnRight90&apos;" />
						<macro name="Stand2Sit" text="anim &apos;Stand_2Sit&apos;" />
						<macro name="RedPandaWalk" text="anim &apos;Walk_Ahead&apos;" />
						<macro name="RedPandaClimb180" text="anim &apos;Stand_TurnRight90&apos;, anim &apos;Stand_TurnRight90&apos;" />
						<macro name="RedPandaCurl" text="anim &apos;Stand_2Sit&apos;, anim &apos;Sit_2Sunbathe&apos;, anim &apos;Sunbathe_Idle&apos;" />
						<macro name="RedPandaCurl2Descend" text="anim &apos;Sunbathe_2Sit&apos;, anim &apos;Sit_2Stand&apos;, anim &apos;Stand_Idle&apos;, anim &apos;Stand_2Walk&apos;, anim &apos;Walk_Ahead&apos;" />
					</MACROS>
				</BFTextTagMacrosComponent>
			</shared>
		</BFNamedBinder>
		<BFBinder required="1">
			<instance>
				<BFBehaviorMgr behaviorVersion="1">
					<subBehaviors>
						<BFBehAnimate interruptible="true" targetAnim="Sit_Idle" interruptFlag="true" loopFlag="true" />
					</subBehaviors>
				</BFBehaviorMgr>
			</instance>
		</BFBinder>
		<BFBinder required="1">
			<instance>
				<BFLocomotionMgr />
			</instance>
			<binder>
				<BFNamedBinder binderName="ground" required="1">
					<instance>
						<BFLocoAnimate version="1">
							<stop name="Stand" />
							<slow name="Walk" />
							<medium name="Run" />
							<fast name="Run" />
							<evade name="Run" minAnimSpeed="0.8" maxAnimSpeed="1.5" />
						</BFLocoAnimate>
					</instance>
				</BFNamedBinder>
			</binder>
		</BFBinder>
		<BFNamedBinder binderName="foodprop" repopulateMethod="byName" required="1">
			<instance>
				<BFGEntityContainer>
					<slots>
						<BFGEntityContainerSlot ownContents="false" hideContents="false" capacity="1" />
					</slots>
				</BFGEntityContainer>
			</instance>
		</BFNamedBinder>
		<BFBinder>
			<instance>
				<ZTEconomyComponent cost="10000">
					<ZTTransaction name="build" costType="parent" type="debit" category="animal" />
				</ZTEconomyComponent>
			</instance>
		</BFBinder>
	</binder>
</BFTypedBinder>
