<BFTypedBinder binderType="LemurRingtailed_Adult_M">
   <types>
      <entity>
         <actor>
            <animal>
               <Mammalia>
                  <Primata>
                     <Lemuridae>
                        <LemurRingtailed>
                           <LemurRingtailed_Adult>
                              <LemurRingtailed_Adult_M/>
                           </LemurRingtailed_Adult>
                        </LemurRingtailed>
                     </Lemuridae>
                  </Primata>
               </Mammalia>
            </animal>
         </actor>
      </entity>
   </types>
   <instance>
      <BFGEntity/>
   </instance>
   <shared>
      <UIToggleButton template="adopt">
         <on>
            <event msg="ZT_SETPLACEMENTOBJECT" data="BFString" string="LemurRingtailed_Adult_M"/>
         </on>
      </UIToggleButton>
      <BFAIEntityDataShared b_Male="1" f_adoptCount="rand(1,2)" b_HidesInPlants="true"/>
   </shared>
</BFTypedBinder>