<BFTypedBinder binderType="LemurRingtailed_Adult" abstract="true">
   <types>
      <entity>
         <actor>
            <animal>
               <Mammalia>
                  <Primata>
                     <Lemuridae>
                        <LemurRingtailed>
                           <LemurRingtailed_Adult/>
                        </LemurRingtailed>
                     </Lemuridae>
                  </Primata>
               </Mammalia>
            </animal>
         </actor>
      </entity>
   </types>
   <instance>
      <BFGEntity/>
   </instance>
   <shared>
      <ZTPlacementData icon3Doffset="0 -0.085803 0.782786" icon3Dscale="1.274693" />
      <BFAIEntityDataShared f_viewBonus="20" b_Adult="1" b_Territorial="true" s_MorphMessage="zoomessages:AnimalPuberty" f_MorphMessagePriority="1" f_MorphMessageDuration="30"/>
   </shared>
   <binder>
      <BFNamedBinder binderName="shadowObj">
			<instance>
				<BFPhysObj>
					<BFMovingBlobShadowComponent lodLevel="0" shadowTexture="world\shadows\blob\round_blob3.tga" baseNode="Bip01 Spine1" width="1.0" intensity="0.3"/>
				</BFPhysObj>
			</instance>
		</BFNamedBinder>
      <BFNamedBinder binderName="texController" required="1">
         <instance>
            <BFAITextureController currState="well" defaultState="well">
               <attribList>
                  <health/>
                  <hygiene/>
               </attribList>
               <stateList>
                  <sickanddirty>
                     <attribData>
                        <health minRange="70" maxRange="101"/>
                        <hygiene minRange="70" maxRange="101"/>
                     </attribData>
                     <textureData>
                        <mainObj material="9 - Default" image="entities\units\animals\LemurRingtailed\Lemur_Adult_Sick_Dirty.dds"/>
                     </textureData>
                  </sickanddirty>
                  <sick>
                     <attribData>
                        <health minRange="70" maxRange="101"/>
                     </attribData>
                     <textureData>
                        <mainObj material="9 - Default" image="entities\units\animals\LemurRingtailed\Lemur_Adult_Sick.dds"/>
                     </textureData>
                  </sick>
                  <dirty>
                     <attribData>
                        <hygiene minRange="70" maxRange="101"/>
                     </attribData>
                     <textureData>
                        <mainObj material="9 - Default" image="entities\units\animals\LemurRingtailed\Lemur_Adult_Dirty.dds"/>
                     </textureData>
                  </dirty>
                  <well>
                     <textureData>
                        <mainObj material="9 - Default" image="entities\units\animals\LemurRingtailed\rtlemur_map.dds"/>
                     </textureData>
                  </well>
               </stateList>
            </BFAITextureController>
         </instance>
      </BFNamedBinder>
      <BFBinder required="1">
         <instance>
            <BFGCollisionTester escapeBuffer="0.125" radius=".25" motionClass="mover" waterScore="10" maxSlope=".75" wadeDepth="1"/>
         </instance>
      </BFBinder>
   </binder>
</BFTypedBinder>
