<BFTypedBinder binderType="LeopardBlack_Adult" abstract="true">
   <types>
      <entity>
         <actor>
            <animal>
               <Mammalia>
                  <Carnivora>
                     <Felidae>
                        <LeopardBlack>
                           <LeopardBlack_Adult/>
                        </LeopardBlack>
                     </Felidae>
                  </Carnivora>
               </Mammalia>
            </animal>
         </actor>
      </entity>
   </types>
   <instance>
      <BFGEntity entityVersion="1">
         <physObjParenting>
            <parentObj parent="mainObj" child="shadowObj" rottype="use" postype="ignore" attachnode="link"/>
            <parentObj parent="mainObj" child="shadowObj2" rottype="use" postype="ignore" attachnode="link"/>
            <parentObj parent="mainObj" child="shadowObj3" rottype="use" postype="ignore" attachnode="link"/>
            <parentObj parent="mainObj" child="shadowObj4" rottype="use" postype="ignore" attachnode="link"/>
            <parentObj parent="mainObj" child="shadowObj5" rottype="use" postype="ignore" attachnode="link"/>
            <parentObj parent="mainObj" child="shadowObj6" rottype="use" postype="ignore" attachnode="link"/>
            <parentObj parent="mainObj" child="shadowObj7" rottype="use" postype="ignore" attachnode="link"/>
            <parentObj parent="mainObj" child="shadowObj8" rottype="use" postype="ignore" attachnode="link"/>
         </physObjParenting>
      </BFGEntity>
   </instance>
   <shared>
      <ZTPlacementData icon3Doffset="0 -0.014063 1.133350" icon3Dscale="0.522991"/>
      <BFAIEntityDataShared f_viewBonus="80" b_Adult="1" p_PredatorOffset="0 -2 0" b_LargePredator="true" b_PicksUpFeederBall="false" b_Territorial="true" s_MorphMessage="zoomessages:AnimalPuberty" f_MorphMessagePriority="1" f_MorphMessageDuration="30"/>
   </shared>
   <binder>
      <BFNamedBinder binderName="shadowObj">
         <instance>
            <BFPhysObj>
               <BFMovingBlobShadowComponent minLODLevel="0" maxLODLevel="0" shadowTexture="world\shadows\blob\blob_limb.tga" baseNode="Bip01 L Toe0" width=".375" minLength=".375" maxLength=".5" fadeHeight=".4" minOffset="0" maxOffset="0"/>
            </BFPhysObj>
         </instance>
      </BFNamedBinder>
      <BFNamedBinder binderName="shadowObj2">
         <instance>
            <BFPhysObj>
               <BFMovingBlobShadowComponent minLODLevel="0" maxLODLevel="0" shadowTexture="world\shadows\blob\blob_limb.tga" baseNode="Bip01 R Toe0" width=".375" minLength=".375" maxLength=".5" fadeHeight=".4" minOffset="0" maxOffset="0"/>
            </BFPhysObj>
         </instance>
      </BFNamedBinder>
      <BFNamedBinder binderName="shadowObj3">
         <instance>
            <BFPhysObj>
               <BFMovingBlobShadowComponent minLODLevel="0" maxLODLevel="0" shadowTexture="world\shadows\blob\blob_limb.tga" baseNode="Bip01 R Finger0" width=".375" minLength=".375" maxLength=".5" fadeHeight=".4" minOffset="0" maxOffset="0"/>
            </BFPhysObj>
         </instance>
      </BFNamedBinder>
      <BFNamedBinder binderName="shadowObj4">
         <instance>
            <BFPhysObj>
               <BFMovingBlobShadowComponent minLODLevel="0" maxLODLevel="0" shadowTexture="world\shadows\blob\blob_limb.tga" baseNode="Bip01 L Finger0" width=".375" minLength=".375" maxLength=".5" fadeHeight=".4" minOffset="0" maxOffset="0"/>
            </BFPhysObj>
         </instance>
      </BFNamedBinder>
      <BFNamedBinder binderName="shadowObj5">
         <instance>
            <BFPhysObj>
               <BFMovingBlobShadowComponent minLODLevel="0" maxLODLevel="1" shadowTexture="world\shadows\blob\blob_animal_final.tga" baseNode="Bip01 Neck" width="1" minLength="1" maxLength="2" minOffset="0" maxOffset=".5"/>
            </BFPhysObj>
         </instance>
      </BFNamedBinder>
      <BFNamedBinder binderName="shadowObj6">
         <instance>
            <BFPhysObj>
               <BFMovingBlobShadowComponent minLODLevel="0" maxLODLevel="1" shadowTexture="world\shadows\blob\blob_animal_final.tga" baseNode="Bip01 Head" width="1" minLength="1" maxLength="2" minOffset="0" maxOffset=".5"/>
            </BFPhysObj>
         </instance>
      </BFNamedBinder>
      <BFNamedBinder binderName="shadowObj7">
         <instance>
            <BFPhysObj>
               <BFMovingBlobShadowComponent minLODLevel="0" maxLODLevel="1" shadowTexture="world\shadows\blob\blob_animal_final.tga" baseNode="Bip01 Spine1" width="1" minLength="1" maxLength="2" minOffset="0" maxOffset=".5"/>
            </BFPhysObj>
         </instance>
      </BFNamedBinder>
      <BFNamedBinder binderName="shadowObj8">
         <instance>
            <BFPhysObj>
               <BFMovingBlobShadowComponent minLODLevel="0" maxLODLevel="1" shadowTexture="world\shadows\blob\blob_animal_final.tga" baseNode="Bip01 Spine2" width="1" minLength="1" maxLength="2" minOffset="0" maxOffset=".5"/>
            </BFPhysObj>
         </instance>
      </BFNamedBinder>
      <BFNamedBinder binderName="texController" required="1">
         <instance>
            <BFAITextureController currState="well" defaultState="well">
               <attribList>
                  <health/>
                  <hygiene/>
               </attribList>
               <stateList>
                  <sickanddirty>
                     <attribData>
                        <health minRange="70" maxRange="101"/>
                        <hygiene minRange="80" maxRange="101"/>
                     </attribData>
                     <textureData>
                        <mainObj material="LeopardBlack_Adult_F_MTL" image="entities\units\animals\LeopardBlack\LeopardBlack_Adult_Sick_Dirty.dds"/>
                     </textureData>
                  </sickanddirty>
                  <sick>
                     <attribData>
                        <health minRange="70" maxRange="101"/>
                     </attribData>
                     <textureData>
                        <mainObj material="LeopardBlack_Adult_F_MTL" image="entities\units\animals\LeopardBlack\LeopardBlack_Adult_Sick.dds"/>
                     </textureData>
                  </sick>
                  <dirty>
                     <attribData>
                        <hygiene minRange="80" maxRange="101"/>
                     </attribData>
                     <textureData>
                        <mainObj material="LeopardBlack_Adult_F_MTL" image="entities\units\animals\LeopardBlack\LeopardBlack_Adult_Dirty.dds"/>
                     </textureData>
                  </dirty>
                  <well>
                     <textureData>
                        <mainObj material="LeopardBlack_Adult_F_MTL" image="entities\units\animals\LeopardBlack\LeopardBlack_Adult_F.dds"/>
                     </textureData>
                  </well>
               </stateList>
            </BFAITextureController>
         </instance>
      </BFNamedBinder>
      <BFBinder required="1">
         <instance>
            <BFGCollisionTester escapeBuffer="0.1875" radius=".375" motionClass="swimmer" waterScore="0" landScore="0" maxSlope=".75"/>
         </instance>
      </BFBinder>
   </binder>
</BFTypedBinder>