<BFTypedBinder binderType="LeopardBlack" abstract="true">
   <types>
      <entity>
         <actor>
            <animal>
               <Mammalia>
                  <Carnivora>
                     <Felidae>
                        <LeopardBlack/>
                     </Felidae>
                  </Carnivora>
               </Mammalia>
            </animal>
         </actor>
      </entity>
   </types>
   <instance>
      <BFGEntity/>
   </instance>
   <shared>
      <UIToggleButton template="adopt">
         <UIAspect>
            <default image="entities/units/animals/LeopardBlack/LeopardBlack_Adult_F_icon.dds"/>
         </UIAspect>
         <UIHelpInfo ids="entityname:LeopardBlack"/>
         <on>
            <event msg="ZT_SETPLACEMENTOBJECT" data="BFString" string="LeopardBlack_Adult_F"/>
         </on>
      </UIToggleButton>
      <ZTPlacementData waterPlacement="true"/>
      <BFAIEntityDataShared f_BaseDonationAmount="100" s_DonateToken="t_DonateLeopardBlack" s_Species="LeopardBlack" p_NurseNode="-.5 -1 270" s_Endangerment="LowRisk" b_Medium="true" f_ResponseRadius="35" b_RespondToCursor="true" b_Carnivore="true" b_Piscivore="true" s_KeeperEatType="Terrain_Meat" b_LargeAnimal="true" b_FoodDishEater="true" s_KeeperDrinkType="FoodDish_Water" f_adoptRemoveTime="0" f_adoptRarity="60" s_Zoopedia="zoopedia:zoopedia_leopardblack:entry" f_RequiredInitialSpace="320" f_RequiredAdditionalSpace="100" p_FenceJumpNode="0 -5 180" p_PursuitBallNode="0 -3 180" p_PoleRopeNode="0 -3 180" b_FeederBallUser="false" p_PreyOffset="0 -2.25 0" p_FightOffset="0 -2.25 180" s_Product="Downloads" f_MaxTourValue="50">
         <BFAINeedAdjusts privacy="0.25"/>
      </BFAIEntityDataShared>
      <BFGBiomeData location="tropicalrainforest_africa" locationSensitivity="10">
         <alpine sensitivity="-5"/>
         <borealforest sensitivity="-5"/>
         <desert sensitivity="-5"/>
         <grassland sensitivity="0"/>
         <temperateforest sensitivity="0"/>
         <tropicalrainforest sensitivity="10" primary="true"/>
         <tundra sensitivity="-10"/>
         <savannah sensitivity="0"/>
         <scrub sensitivity="-5"/>
         <wetlands sensitivity="0"/>
      </BFGBiomeData>
      <ZTUserStaffAction>
         <SetAttribute name="hygiene" value="0" threshold="20" locid="superstaff:animal_groom" effect="SuperStaffGroom"/>
         <SetAttribute name="health" value="0" threshold="20" locid="superstaff:animal_heal" effect="SuperStaffHeal"/>
      </ZTUserStaffAction>
   </shared>
   <binder>
      <BFNamedBinder binderName="mainObj">
         <instance>
            <BFPhysObj>
               <BFShadowLODComponent numLevels="2" switchingDists="18.0 60.0"/>
               <BFActorComponent actorfile="entities/units/animals/LeopardBlack/LeopardBlack_Adult_F.bfm" scale=".65"/>
               <BF4LegsGroundFitComponent heightOffset="-.20" maxRollError=".2" maxPitchError=".1" maxHeightError=".5" pitchGain="1.0" heightGain="6.0" rollGain="1.0" bicyclePointBack="Bip01" bicyclePointFront="Bip01 Neck2" backBuoyancyNode="Node_Buoy_Back" frontBuoyancyNode="Node_Buoy"/>
               <BFSwimComponent waterInDistance="0.50" waterOutDistance="0.1"/>
               <BFLegFitComponent maxLegRaise="2.0" leftFrontHipJoint="Bip01 L Forearm" leftFrontKneeJoint="Bip01 L Hand" leftFrontAnkleJoint="Bip01 L Finger0" rightFrontHipJoint="Bip01 R Forearm" rightFrontKneeJoint="Bip01 R Hand" rightFrontAnkleJoint="Bip01 R Finger0" leftBackHipJoint="Bip01 L Thigh" leftBackKneeJoint="Bip01 L Calf" leftBackAnkleJoint="Bip01 L Foot" rightBackHipJoint="Bip01 R Thigh" rightBackKneeJoint="Bip01 R Calf" rightBackAnkleJoint="Bip01 R Foot" ankleRotVectorLeftFront="0 1 0" ankleRotVectorRightFront="0 -1 0" ankleRotVectorRightBack="0 0 -1" ankleRotVectorLeftBack="0 0 -1" hipRaiseVectorLeftFront="0 0 1" hipRaiseVectorRightFront="0 0 1" hipRaiseVectorLeftBack="0 0 1" hipRaiseVectorRightBack="0 0 1" kneeRaiseVectorLeftFront="0 0 1" kneeRaiseVectorRightFront="0 0 1" kneeRaiseVectorLeftBack="0 0 1" kneeRaiseVectorRightBack="0 0 1" legFitModeLeftFront="0" legFitModeRightFront="0" legFitModeRightBack="1" legFitModeLeftBack="1" anklePitchVector="0 -1 0" maxLOD="2"/>
               <BFSecondaryAnimComponent animName="Secondary_TailA" frequency="1.5" chance="40" validAnims="Stand_Idle,Stalk_Idle"/>
               <BFSecondaryAnimComponent animName="Secondary_EarALeopard" frequency="1.5" chance="40" validAnims="Stand_Idle,Walk_Ahead,Stalk_Idle,Sit_Idle,Lie_Idle,GroomPaw_Idle,Eat_BiteA,Lie_LickObject,Lie_SearchLog,Sit_2TeethInspection,Sit_Listen,Stand_Listen,Lie_Listen,Stand_BiteHigh,Stand_BiteMed,Stand_BiteLow,Stand_BitLow,Stand_BitMed,Stand_HeadCockWater,Stand_HitMed,Stand_HitHigh,Stand_LickObject,Stand_PlayPounce,Stand_PlayRoar,Stand_ScratchLogHigh,Stand_ScratchLogLow,Stand_ScratchTree,Stand_SwatWater,Stand_SwipeLow,Stand_SwipeMed,TeethInspection_2Sit,TeethInspection_Idle,Tug_2Stand,Tug_Idle,Stand_2Tug"/>
               <BFForwardMovingComponent/>
               <BFRotYawMovingComponent/>
               <BFCollisionComponent grid="Bip01 Spine1"/>
               <BFGridCollisionComponent/>
               <BFDecalTextureCycleComponent materialName="LeopardBlack_Adult_F_MTL">
                  <Step imageName="entities/units/animals/shared/tiger_blink_blank.dds" hold="3.0" variance="0.5"/>
                  <Step imageName="entities/units/animals/shared/tiger_blink02.dds" hold="0.08" variance=""/>
                  <Step imageName="entities/units/animals/shared/tiger_blink.dds" hold="0.1" variance=""/>
                  <Step imageName="entities/units/animals/shared/tiger_blink02.dds" hold="0.08" variance=""/>
               </BFDecalTextureCycleComponent>
               <BFHeadLookComponent leftRightAnimName="Secondary_HeadLook" lookDirNode="Bip01 Head" lookDirVector="0 1 0" gain_z="-2" fov_extreme_lr="90.0"/>
            </BFPhysObj>
         </instance>
         <shared>
            <BFTextTagMacrosComponent>
               <MACROS>
                  <macro name="CatJumpOn" text="as 100 1, anim 'Walk_2ClimbFlat'"/>
                  <macro name="CatJumpOff" text="as 100 1, anim 'ClimbFlat_2Walk'"/>
                  <macro name="JumpOnHeatedRock" text="as 100 1, anim 'Stand_JumpUp'"/>
                  <macro name="JumpOnRock" text="as 100 1, anim 'Stand_JumpUp'"/>
                  <macro name="Walky" text="anim 'Walk_Ahead'"/>
                  <macro name="Walky2Standy" text="anim 'Walk_2Stand', anim'Stand_Idle'"/>
                  <macro name="Stand2LieBelly" text="anim 'Stand_2Lie', anim 'Lie_Idle'"/>
                  <macro name="LieBelly2Stand" text="anim 'Lie_2Stand', anim 'Stand_Idle'"/>
                  <macro name="Standy2Walky" text="anim 'Stand_2Walk', anim 'Walk_Ahead'"/>
                  <macro name="LieOnBelly" text="anim 'Lie_Idle'"/>
                  <macro name="TurnLeft180" text="anim 'Stand_TurnLeft90', anim 'Stand_TurnLeft90'"/>
                  <macro name="TurnRight180" text="anim 'Stand_TurnRight90', anim 'Stand_TurnRight90'"/>
                  <macro name="TurnLeft90" text="anim 'Stand_TurnLeft90'"/>
                  <macro name="TurnRight90" text="anim 'Stand_TurnRight90'"/>
                  <macro name="WalkBack" text="anim 'Backup_Ahead'"/>
                  <macro name="Standy2WalkBack" text="anim 'Stand_2Backup', anim 'Backup_Ahead'"/>
                  <macro name="WalkBack2Stand" text="anim 'Backup_2Stand', anim 'Stand_Idle'"/>
               </MACROS>
            </BFTextTagMacrosComponent>
         </shared>
      </BFNamedBinder>
      <BFBinder required="1">
         <instance>
            <BFBehaviorMgr behaviorVersion="1">
               <subBehaviors>
                  <BFBehLocoSwitchSet loopFlag="true">
                     <behaviorTable>
                        <ground behSet="Lie_Idle"/>
                        <water behSet="TreadWater_Idle"/>
                     </behaviorTable>
                  </BFBehLocoSwitchSet>
               </subBehaviors>
            </BFBehaviorMgr>
         </instance>
      </BFBinder>
      <BFBinder required="1">
         <instance>
            <BFLocomotionMgr/>
         </instance>
         <binder>
            <BFNamedBinder binderName="ground" required="1">
               <instance>
                  <BFLocoAnimate version="1" stationaryAnim="Stand_Idle">
                     <stop name="Stand"/>
                     <slow name="Walk"/>
                     <medium name="Walk"/>
                     <fast name="Run"/>
                     <stalk name="Stalk"/>
                  </BFLocoAnimate>
               </instance>
            </BFNamedBinder>
            <BFNamedBinder binderName="groundcarry" required="1">
               <instance>
                  <BFLocoAnimate version="1" stationaryAnim="StandObject_Idle">
                     <stop name="StandObject"/>
                     <slow name="WalkObject"/>
                     <medium name="WalkObject"/>
                     <fast name="RunObject"/>
                  </BFLocoAnimate>
               </instance>
            </BFNamedBinder>
            <BFNamedBinder binderName="water" required="1">
               <instance>
                  <BFLocoAnimate version="1" stationaryAnim="TreadWater_Idle">
                     <stop name="TreadWater"/>
                     <slow name="Swim"/>
                     <medium name="Swim"/>
                     <fast name="Swim"/>
                     <stalk name="Swim"/>
                  </BFLocoAnimate>
               </instance>
            </BFNamedBinder>
         </binder>
      </BFBinder>
      <BFNamedBinder binderName="mouth" required="1">
         <instance>
            <BFGEntityContainer>
               <slots>
                  <BFGEntityContainerSlot ownContents="false" hideContents="false" capacity="1"/>
               </slots>
            </BFGEntityContainer>
         </instance>
      </BFNamedBinder>
      <BFNamedBinder binderName="foodprop" repopulateMethod="byName" required="1">
         <instance>
            <BFGEntityContainer>
               <slots>
                  <BFGEntityContainerSlot ownContents="false" hideContents="false" capacity="1"/>
               </slots>
            </BFGEntityContainer>
         </instance>
      </BFNamedBinder>
      <BFBinder>
         <instance>
            <ZTEconomyComponent cost="10000">
               <ZTTransaction name="build" costType="parent" type="debit" category="animal"/>
            </ZTEconomyComponent>
         </instance>
      </BFBinder>
   </binder>
</BFTypedBinder>
