<BFTypedBinder binderType="Lion_Adult_F">
   <types>
      <entity>
         <actor>
            <animal>
               <Mammalia>
                  <Carnivora>
                     <Felidae>
                        <Lion>
                           <Lion_Adult>
                              <Lion_Adult_F/>
                           </Lion_Adult>
                        </Lion>
                     </Felidae>
                  </Carnivora>
               </Mammalia>
            </animal>
         </actor>
      </entity>
   </types>
   <instance>
      <BFGEntity/>
   </instance>
   <shared>
      <BFAIEntityDataShared b_Male="0" p_PredatorOffset="0 -2 0" b_Predator="true" f_adoptCount="rand(1,1)"/>
   </shared>
   <binder>
      <BFNamedBinder binderName="texController" required="1">
         <instance>
            <BFAITextureController currState="well" defaultState="well">
               <attribList>
                  <health/>
                  <hygiene/>
               </attribList>
               <stateList>
                  <sickanddirty>
                     <attribData>
                        <health minRange="70" maxRange="101"/>
                        <hygiene minRange="80" maxRange="101"/>
                     </attribData>
                     <textureData>
                        <mainObj material="Lion_Adult_MTL" image="entities\units\animals\Lion\Lion_Adult_F_Sick_Dirty.dds"/>
                     </textureData>
                  </sickanddirty>
                  <sick>
                     <attribData>
                        <health minRange="70" maxRange="101"/>
                     </attribData>
                     <textureData>
                        <mainObj material="Lion_Adult_MTL" image="entities\units\animals\Lion\Lion_Adult_F_Sick.dds"/>
                     </textureData>
                  </sick>
                  <dirty>
                     <attribData>
                        <hygiene minRange="80" maxRange="101"/>
                     </attribData>
                     <textureData>
                        <mainObj material="Lion_Adult_MTL" image="entities\units\animals\Lion\Lion_Adult_F_Dirty.dds"/>
                     </textureData>
                  </dirty>
                  <well>
                     <textureData>
                        <mainObj material="Lion_Adult_MTL" image="entities\units\animals\Lion\Lion_Adult.dds"/>
                     </textureData>
                  </well>
               </stateList>
            </BFAITextureController>
         </instance>
      </BFNamedBinder>
      <BFBinder required="1">
         <instance>
            <BFAIEntityDataInstance b_Pregnant="false"/>
         </instance>
      </BFBinder>
   </binder>
</BFTypedBinder>
