<BFTypedBinder binderType="Lion_Adult_M">
   <types>
      <entity>
         <actor>
            <animal>
               <Mammalia>
                  <Carnivora>
                     <Felidae>
                        <Lion>
                           <Lion_Adult>
                              <Lion_Adult_M/>
                           </Lion_Adult>
                        </Lion>
                     </Felidae>
                  </Carnivora>
               </Mammalia>
            </animal>
         </actor>
      </entity>
   </types>
   <instance>
      <BFGEntity/>
   </instance>
   <shared>
      <UIToggleButton template="adopt">
         <UIAspect>
            <default image="entities/units/animals/Lion/Lion_Adult_M_icon.dds"/>
         </UIAspect>
         <on>
            <event msg="ZT_SETPLACEMENTOBJECT" data="BFString" string="Lion_Adult_M"/>
         </on>
      </UIToggleButton>
      <BFAIEntityDataShared b_Male="1" p_PredatorOffset="0 -2 0" b_Predator="true" f_adoptCount="rand(1,1)"/>
   </shared>
   <binder>
      <BFNamedBinder binderName="mainObj">
         <instance>
            <BFPhysObj>
               <BFActorComponent actorfile="entities/units/animals/Lion/Lion_Adult_M.bfm" scale="0.8"/>
            </BFPhysObj>
         </instance>
      </BFNamedBinder>
      <BFNamedBinder binderName="texController" required="1">
         <instance>
            <BFAITextureController currState="well" defaultState="well">
               <attribList>
                  <health/>
                  <hygiene/>
               </attribList>
               <stateList>
                  <sickanddirty>
                     <attribData>
                        <health minRange="70" maxRange="101"/>
                        <hygiene minRange="80" maxRange="101"/>
                     </attribData>
                     <textureData>
                        <mainObj material="Lion_Adult_MTL" image="entities\units\animals\Lion\Lion_Adult_M_Sick_Dirty.dds"/>
                     </textureData>
                  </sickanddirty>
                  <sick>
                     <attribData>
                        <health minRange="70" maxRange="101"/>
                     </attribData>
                     <textureData>
                        <mainObj material="Lion_Adult_MTL" image="entities\units\animals\Lion\Lion_Adult_M_Sick.dds"/>
                     </textureData>
                  </sick>
                  <dirty>
                     <attribData>
                        <hygiene minRange="80" maxRange="101"/>
                     </attribData>
                     <textureData>
                        <mainObj material="Lion_Adult_MTL" image="entities\units\animals\Lion\Lion_Adult_M_Dirty.dds"/>
                     </textureData>
                  </dirty>
                  <well>
                     <textureData>
                        <mainObj material="Lion_Adult_MTL" image="entities\units\animals\Lion\Lion_Adult_M.dds"/>
                     </textureData>
                  </well>
               </stateList>
            </BFAITextureController>
         </instance>
      </BFNamedBinder>
   </binder>
</BFTypedBinder>
