<BFTypedBinder binderType="Markhor" abstract="true">
	<types>
		<entity>
			<actor>
				<animal>
					<Mammalia>
						<Artiodactyla>
							<Bovidae>
								<Markhor />
							</Bovidae>
						</Artiodactyla>
					</Mammalia>
				</animal>
			</actor>
		</entity>
	</types>
	<instance>
		<BFGEntity entityVersion="1">
			<physObjParenting>
				<parentObj parent="mainObj" child="shadowObj" rottype="use" postype="ignore" attachnode="link" />
				<parentObj parent="mainObj" child="shadowObj2" rottype="use" postype="ignore" attachnode="link" />
				<parentObj parent="mainObj" child="shadowObj3" rottype="use" postype="ignore" attachnode="link" />
			</physObjParenting>
		</BFGEntity>
	</instance>
	<shared>
		<ZTPlacementData icon3Doffset="0 0 0.997900" icon3Dscale="0.597867" />
		<UIToggleButton template="adopt">
			<UIAspect>
				<default image="entities\units\animals\Markhor\Markhor_M_icon.dds" />
			</UIAspect>
			<UIHelpInfo ids="entityname:Markhor" />
		</UIToggleButton>
		<BFAIEntityDataShared s_Product="EndangeredSpecies" f_BaseDonationAmount="60" f_MaxTourValue="40" s_DonateToken="t_DonateMarkhor" p_RamNode="0 -8 180" p_GuestAttackNode="0 -1 0" p_HornObjectNode="0 -.5 0" p_FenceJumpNode="0 -5 180" p_NurseNode="0 -2.5 0" p_PreyOffset="0 1 0" s_Endangerment="Endangered" s_Species="Markhor" b_Medium="true" b_Graminivore="true" b_Granivore="true" s_KeeperEatType="Terrain_Hay" b_SmallAnimal="true" b_TroughEater="true" b_MetalTroughEater="true" b_FoodDishEater="true" s_KeeperDrinkType="FoodDish_Water" b_SubstratePileEater="true" b_Grazer="true" f_adoptRarity="40" s_Zoopedia="zoopedia:zoopedia_markhor:entry" f_RequiredInitialSpace="280" f_RequiredAdditionalSpace="40" b_ShadeStructureUser="true" b_SmallStableUser="true" b_LargeStableUser="true" b_AlpineAnimal="true" b_SaltLickUser="true" p_FightOffset="0 -2.25 180" b_ClimbsLargeWetlandsRockLarge="true" b_WetlandsOdd="true" b_ClimbsMediumTundraRockLarge="true" b_TundraOdd="true" b_ClimbsLargeTundraRockLarge="true" b_TropicalRainforestOdd="true" b_ClimbsLargeTropicalRainforestRockLarge="true" b_ClimbsMediumTemperateForestRockLarge="true" b_TemperateForestOdd="true" b_ClimbsLargeTemperateForestRockLarge="true" b_ScrubOdd="true" b_ClimbsMediumScrubRockLarge="true" b_ClimbsLargeScrubRockLarge="true" b_SavannahOdd="true" b_ClimbsMediumSavannahRockLarge="true" b_ClimbsLargeSavannahRockLarge="true" b_GrasslandOdd="true" b_ClimbsMediumGrasslandRockLarge="true" b_ClimbsLargeGrasslandRockLarge="true" b_DesertOdd="true" b_ClimbsMediumDesertRockLarge="true" b_ClimbsLargeDesertRockLarge="true" b_ClimbsMediumBorealForestRockLarge="true" b_ClimbsLargeBorealForestRockLarge="true" b_BorealForestOdd="true" p_SaltLickNode="0 -1.9 180" p_EnterDish="0 -1.5 180" p_EnterTrough="0 -1.7 180" b_KopjeTopUser="true">
			<BFAINeedAdjusts privacy="0" />
		</BFAIEntityDataShared>
		<BFGBiomeData location="alpine_asia" locationSensitivity="10">
			<alpine sensitivity="10" primary="true" />
			<borealforest sensitivity="0" />
			<desert sensitivity="-10" />
			<grassland sensitivity="-5" />
			<temperateforest sensitivity="-5" />
			<tropicalrainforest sensitivity="-5" />
			<tundra sensitivity="-5" />
			<savannah sensitivity="-5" />
			<scrub sensitivity="-5" />
			<wetlands sensitivity="-10" />
		</BFGBiomeData>
		<ZTUserStaffAction>
			<SetAttribute name="hygiene" value="0" threshold="20" locid="superstaff:animal_groom" effect="SuperStaffGroom" />
			<SetAttribute name="health" value="0" threshold="20" locid="superstaff:animal_heal" effect="SuperStaffHeal" />
		</ZTUserStaffAction>
	</shared>
	<binder>
		<BFNamedBinder binderName="mainObj">
			<instance>
				<BFPhysObj>
					<BFShadowLODComponent numLevels="1" switchingDists="60.0" />
					<BF4LegsGroundFitComponent heightOffset="0" maxRollError=".2" maxPitchError=".1" maxHeightError=".5" pitchGain="2.00" heightGain="6.0" rollGain="1.0" bicyclePointBack="Bip01" bicyclePointFront="Bip01 Neck" frontBuoyancyNode="Node_Buoy" backBuoyancyNode="Node_Buoy_Back" />
					<BFSecondaryAnimComponent animName="Secondary_EarA" frequency="1.5" chance="40" validAnims="Stand_Idle,Pee_Idle,Poop_Idle,Stand_GoreObject,Stand_Groom,Stand_GroomYoung,Stand_Grunt,Stand_KickBack,Stand_Shake,Stand_Snort,Stand_Turn180,Stand_TurnLeft90,Stand_TurnRight90,Stand_Yawn,Chew_Idle,Graze_Drink,Graze_Idle,Lie_Idle,Nurse_Idle,HoofInspection_Idle,HornInspection_Idle" />
					<BFSecondaryAnimComponent animName="Secondary_TailA" frequency="1.5" chance="40" validAnims="Stand_Idle,Pee_Idle,Poop_Idle,Stand_GoreObject,Stand_Groom,Stand_GroomYoung,Stand_Grunt,Stand_KickBack,Stand_Shake,Stand_Snort,Stand_Turn180,Stand_TurnLeft90,Stand_TurnRight90,Stand_Yawn,Chew_Idle,Graze_Drink,Graze_Idle,Lie_Idle,Nurse_Idle,HoofInspection_Idle,HornInspection_Idle" />
					<BFLegFitComponent maxLegRaise="2.0" leftFrontHipJoint="Bip01 L Forearm" leftFrontKneeJoint="Bip01 L Hand" leftFrontAnkleJoint="Bip01 L Finger0" rightFrontHipJoint="Bip01 R Forearm" rightFrontKneeJoint="Bip01 R Hand" rightFrontAnkleJoint="Bip01 R Finger0" leftBackHipJoint="Bip01 L Thigh" leftBackKneeJoint="Bip01 L Calf" leftBackAnkleJoint="Bip01 L Foot" rightBackHipJoint="Bip01 R Thigh" rightBackKneeJoint="Bip01 R Calf" rightBackAnkleJoint="Bip01 R Foot" ankleRotVectorLeftFront="0 0 -1" ankleRotVectorRightFront="0 0 -1" ankleRotVectorRightBack="0 0 -1" ankleRotVectorLeftBack="0 0 -1" hipRaiseVectorLeftFront="0 0 1" hipRaiseVectorRightFront="0 0 1" hipRaiseVectorLeftBack="0 0 1" hipRaiseVectorRightBack="0 0 1" kneeRaiseVectorLeftFront="0 0 1" kneeRaiseVectorRightFront="0 0 1" kneeRaiseVectorLeftBack="0 0 1" kneeRaiseVectorRightBack="0 0 1" legFitModeLeftFront="0" legFitModeRightFront="0" legFitModeRightBack="1" legFitModeLeftBack="1" anklePitchVector="0 1 0" maxLOD="1" />
					<BFForwardMovingComponent />
					<BFRotYawMovingComponent />
					<BFCollisionComponent grid="Bip01 Spine1" />
					<BFGridCollisionComponent />
					<BFHeadLookComponent leftRightAnimName="Secondary_HeadLook" lookDirNode="Bip01 Head" lookDirVector="0 1 0" gain_z="-2" fov_extreme_lr="90.0" />
				</BFPhysObj>
			</instance>
			<shared>
				<BFTextTagMacrosComponent>
					<MACROS>
						<macro name="Walky" text="anim &apos;Walk_Ahead&apos;" />
						<macro name="Walky2Standy" text="anim &apos;Walk_2Stand&apos;, anim&apos;Stand_Idle&apos;" />
						<macro name="Stand2LieBelly" text="anim &apos;Stand_2Lie&apos;, anim &apos;Lie_Idle&apos;" />
						<macro name="LieBelly2Stand" text="anim &apos;Lie_2Stand&apos;, anim &apos;Stand_Idle&apos;" />
						<macro name="Standy2Walky" text="anim &apos;Stand_2Walk&apos;, anim &apos;Walk_TurnLeftA&apos;" />
						<macro name="LieOnBelly" text="anim &apos;Lie_Idle&apos;" />
						<macro name="TurnLeft180" text="anim &apos;Stand_Turn180&apos;" />
						<macro name="TurnRight180" text="anim &apos;Stand_TurnRight90&apos;, anim &apos;Stand_TurnRight90&apos;" />
						<macro name="TurnLeft90" text="anim &apos;Stand_TurnLeft90&apos;" />
						<macro name="TurnRight90" text="anim &apos;Stand_TurnRight90&apos;" />
						<macro name="WalkBack" text="anim &apos;Backup_Ahead&apos;" />
						<macro name="Standy2WalkBack" text="anim &apos;Stand_2Backup&apos;, anim &apos;Backup_Ahead&apos;" />
						<macro name="WalkBack2Stand" text="anim &apos;Backup_2Stand&apos;, anim &apos;Stand_Idle&apos;" />
						<macro name="ClimbThing" text="anim &apos;Walk_2JumpUpLow&apos;, anim &apos;JumpUpLow_2Stand&apos;, !anim&apos;Stand_Idle&apos; blend .2 advance_cur_t" />
						<macro name="ClimbDown" text="anim &apos;Walk_Ahead&apos;" />
						<macro name="JumpDown" text="anim &apos;Stand_2JumpDownHigh&apos;, anim &apos;JumpDownHigh_2Stand&apos;" />
						<macro name="JumpOnRock" text="as 100 1, anim &apos;Stand_2JumpUpLow&apos;, anim &apos;JumpUpLow_2Stand&apos;, !anim &apos;Stand_Idle&apos; blend .2 advance_cur_t" />
                  				<macro name="LieLong" text="anim 'Lie_Idle',anim 'Lie_Idle',anim 'Lie_Idle',anim 'Lie_Idle',anim 'Lie_Idle',anim 'Lie_Idle',anim 'Lie_Idle'"/>
                  				<macro name="Walk2LieBelly" text="!anim 'Walk_2Stand',anim 'Stand_2Lie', anim 'Lie_Idle'"/>		
					</MACROS>
				</BFTextTagMacrosComponent>
			</shared>
		</BFNamedBinder>
		<BFBinder required="1">
			<instance>
				<BFBehaviorMgr behaviorVersion="1">
					<subBehaviors>
						<BFBehAnimate interruptible="true" targetAnim="Stand_Idle" interruptFlag="true" loopFlag="true" />
					</subBehaviors>
				</BFBehaviorMgr>
			</instance>
		</BFBinder>
		<BFBinder required="1">
			<instance>
				<BFLocomotionMgr />
			</instance>
			<binder>
				<BFNamedBinder binderName="ground" required="1">
					<instance>
						<BFLocoAnimate version="1">
							<stop name="Stand" />
							<slow name="Walk" />
							<medium name="Walk" minAnimSpeed="1.2" maxAnimSpeed="1.5" />
							<fast name="Run" />
							<charge name="Charge">
								<waggle name="Charge_Ahead" wag="1" />
							</charge>
							<evade name="Run" minAnimSpeed="0.8" maxAnimSpeed="1.5" />
						</BFLocoAnimate>
					</instance>
				</BFNamedBinder>
			</binder>
		</BFBinder>
		<BFNamedBinder binderName="foodprop" repopulateMethod="byName" required="1">
			<instance>
				<BFGEntityContainer>
					<slots>
						<BFGEntityContainerSlot ownContents="false" hideContents="false" capacity="1" />
					</slots>
				</BFGEntityContainer>
			</instance>
		</BFNamedBinder>
		<BFBinder>
			<instance>
				<ZTEconomyComponent cost="5500">
					<ZTTransaction name="build" costType="parent" type="debit" category="animal" />
				</ZTEconomyComponent>
			</instance>
		</BFBinder>
	</binder>
</BFTypedBinder>
