﻿<BFTypedBinder binderType="Moose" abstract="true">
	<types>
		<entity>
			<actor>
				<animal>
					<Mammalia>
						<Artiodactyla>
							<Cervidae>
								<Moose />
							</Cervidae>
						</Artiodactyla>
					</Mammalia>
				</animal>
			</actor>
		</entity>
	</types>
	<instance>
		<BFGEntity entityVersion="1">
			<physObjParenting>
				<parentObj parent="mainObj" child="shadowObj" rottype="use" postype="ignore" attachnode="link" />
				<parentObj parent="mainObj" child="shadowObj2" rottype="use" postype="ignore" attachnode="link" />
				<parentObj parent="mainObj" child="shadowObj3" rottype="use" postype="ignore" attachnode="link" />
			</physObjParenting>
		</BFGEntity>
	</instance>
	<shared>
		<UIToggleButton template="adopt">
			<UIAspect>
				<default image="entities\units\animals\Moose\Moose_Adult_F_icon.dds" />
			</UIAspect>
			<UIHelpInfo ids="entityname:Moose" />
			<on>
				<event msg="ZT_SETPLACEMENTOBJECT" data="BFString" string="Moose_Adult_F" />
			</on>
		</UIToggleButton>
		<ZTPlacementData waterPlacement="true" />
		<BFAIEntityDataShared f_BaseDonationAmount="60" f_MaxTourValue="20" p_PreyOffset="0 2 0" p_RubOffset="0 -3.5 0" p_NurseNode=".25 -.75 90" p_FightOffset="0 -2.75 180" s_DonateToken="t_DonateMoose" s_Species="Moose" s_Endangerment="LowRisk" b_Basic="true" b_Folivore="true" s_KeeperEatType="Terrain_Branches" b_LargeAnimal="true" b_TroughEater="true" b_MetalTroughEater="true" b_FoodDishEater="true" s_KeeperDrinkType="FoodDish_Water" f_adoptRemoveTime="0" f_adoptRarity="1" s_Zoopedia="zoopedia:zoopedia_moose:entry" f_RequiredInitialSpace="280" f_RequiredAdditionalSpace="40" p_FenceJumpNode="0 -5 180" b_BorealForestAnimal="true" b_TreeRubber="true" b_Grazer="true" b_TreeTrunkBrowser="true" b_Browser="true" b_WaterSurfaceFoliageBrowser="true" b_SaltLickUser="true" p_SaltLickNode="0 -3.0 180">
			<BFAINeedAdjusts privacy="0.1" />
		</BFAIEntityDataShared>
		<BFGBiomeData location="borealforest_northamerica" locationSensitivity="10">
			<alpine sensitivity="5" />
			<borealforest sensitivity="10" primary="true" />
			<desert sensitivity="-5" />
			<grassland sensitivity="3" />
			<temperateforest sensitivity="6" />
			<tropicalrainforest sensitivity="-5" />
			<tundra sensitivity="2" />
			<savannah sensitivity="-5" />
			<scrub sensitivity="-5" />
			<wetlands sensitivity="5" />
		</BFGBiomeData>
		<ZTUserStaffAction>
			<SetAttribute name="hygiene" value="0" threshold="20" locid="superstaff:animal_groom" effect="SuperStaffGroom" />
			<SetAttribute name="health" value="0" threshold="20" locid="superstaff:animal_heal" effect="SuperStaffHeal" />
		</ZTUserStaffAction>
	</shared>
	<binder>
		<BFNamedBinder binderName="mainObj">
			<instance>
				<BFPhysObj>
					<BFShadowLODComponent numLevels="1" switchingDists="60.0" />
					<BFActorComponent actorfile="entities/units/animals/Moose/Moose_Adult_F.bfm" />
					<BF4LegsGroundFitComponent heightOffsetScale="0" heightOffset="-.1" maxRollError=".2" maxPitchError=".1" maxHeightError=".5" pitchGain="1.00" heightGain="6.0" rollGain="1.0" bicyclePointBack="Bip01" bicyclePointFront="Bip01 Neck" backBuoyancyNode="Node_Buoy_Back" frontBuoyancyNode="Node_Buoy" />
					<BFSwimComponent waterInDistance="0.50" waterOutDistance="0.1" />
					<BFSecondaryAnimComponent animName="Secondary_EarA" frequency="1.5" chance="40" validAnims="Stand_Idle,Stand_Attacked,Stand_AttackGuest,Stand_ContactCall,Stand_DistressCall,Stand_GoreObject,Stand_Grunt,Stand_Kick,Stand_LookLeft,Stand_LookRight,Stand_MatingCall,Stand_Snort,Stand_TailTwitch,Stand_Turn180,Stand_TurnLeft180,Stand_TurnLeft90,Stand_TurnRight90,Stand_Yawn,Pee_Idle,Poop_Idle,Eat_Drink,Eat_Idle,Chew_Idle,Browse_Idle,BrowseLow_Idle,Graze_Drink,Graze_Idle" />
					<BFSecondaryAnimComponent animName="Secondary_TailA" frequency="1.5" chance="40" validAnims="Stand_Idle,Stand_Attacked,Stand_AttackGuest,Stand_ContactCall,Stand_DistressCall,Stand_GoreObject,Stand_Grunt,Stand_Kick,Stand_LookLeft,Stand_LookRight,Stand_MatingCall,Stand_Snort,Stand_Turn180,Stand_TurnLeft180,Stand_TurnLeft90,Stand_TurnRight90,Stand_Yawn,Pee_Idle,Poop_Idle,Eat_Drink,Eat_Idle,Chew_Idle,Browse_Idle,BrowseLow_Idle,Graze_Drink,Graze_Idle" />
					<BFLegFitComponent maxLegRaise="2.0" leftFrontHipJoint="Bip01 L UpperArm" leftFrontKneeJoint="Bip01 L Forearm" leftFrontAnkleJoint="Bip01 L Hand" rightFrontHipJoint="Bip01 R UpperArm" rightFrontKneeJoint="Bip01 R Forearm" rightFrontAnkleJoint="Bip01 R Hand" leftBackHipJoint="Bip01 L Calf" leftBackKneeJoint="Bip01 L Foot" leftBackAnkleJoint="Bip01 L Toe0" rightBackHipJoint="Bip01 R Calf" rightBackKneeJoint="Bip01 R Foot" rightBackAnkleJoint="Bip01 R Toe0" ankleRotVectorLeftFront="0 1 0" ankleRotVectorRightFront="0 -1 0" ankleRotVectorRightBack="0 0 1" ankleRotVectorLeftBack="0 0 1" hipRaiseVectorLeftFront="0 1 0" hipRaiseVectorRightFront="0 -1 0" hipRaiseVectorLeftBack="0 0 1" hipRaiseVectorRightBack="0 0 1" kneeRaiseVectorLeftFront="0 0 -1" kneeRaiseVectorRightFront="0 0 -1" kneeRaiseVectorLeftBack="0 0 -1" kneeRaiseVectorRightBack="0 0 -1" legFitModeLeftFront="0" legFitModeRightFront="0" legFitModeRightBack="1" legFitModeLeftBack="1" anklePitchVector="0 -1 0" maxLOD="1" />
					<BFForwardMovingComponent />
					<BFRotYawMovingComponent />
					<BFCollisionComponent grid="Bip01 Spine1" />
					<BFGridCollisionComponent />
					<BFDecalTextureCycleComponent materialName="Moose_Adult_M_MTL" textureSet="2">
						<Step imageName="entities/units/animals/shared/tiger_blink_blank.dds" hold="3.0" variance="0.5" />
						<Step imageName="entities/units/animals/shared/tiger_blink02.dds" hold="0.08" variance="" />
						<Step imageName="entities/units/animals/shared/tiger_blink.dds" hold="0.1" variance="" />
						<Step imageName="entities/units/animals/shared/tiger_blink02.dds" hold="0.08" variance="" />
					</BFDecalTextureCycleComponent>
					<BFHeadLookComponent leftRightAnimName="Secondary_HeadLook" lookDirNode="Bip01 Head" lookDirVector="0 1 0" gain_z="-2" fov_extreme_lr="90.0" />
				</BFPhysObj>
			</instance>
			<shared>
				<BFTextTagMacrosComponent>
					<MACROS>
						<macro name="Walky" text="anim &apos;Walk_Ahead&apos;" />
						<macro name="Walky2Standy" text="anim &apos;Walk_2Stand&apos;, anim&apos;Stand_Idle&apos;" />
						<macro name="Stand2LieBelly" text="anim &apos;Stand_2Lie&apos;, anim &apos;Lie_Idle&apos;" />
						<macro name="LieBelly2Stand" text="anim &apos;Lie_2Stand&apos;, anim &apos;Stand_Idle&apos;" />
						<macro name="Standy2Walky" text="anim &apos;Stand_2Walk&apos;, anim &apos;Walk_TurnLeftA&apos;" />
						<macro name="LieOnBelly" text="anim &apos;Lie_Idle&apos;" />
						<macro name="TurnLeft180" text="anim &apos;Stand_TurnLeft180&apos;" />
						<macro name="TurnRight180" text="anim &apos;Stand_TurnRight90&apos;, anim &apos;Stand_TurnRight90&apos;" />
						<macro name="WalkBack" text="anim &apos;Backup_Ahead&apos;" />
						<macro name="Standy2WalkBack" text="anim &apos;Stand_2Backup&apos;, anim &apos;Backup_Ahead&apos;" />
						<macro name="WalkBack2Stand" text="anim &apos;Backup_2Stand&apos;, anim &apos;Stand_Idle&apos;" />
					</MACROS>
				</BFTextTagMacrosComponent>
			</shared>
		</BFNamedBinder>
		<BFBinder required="1">
			<instance>
				<BFBehaviorMgr behaviorVersion="1">
					<subBehaviors>
						<BFBehLocoSwitchSet loopFlag="true">
							<behaviorTable>
								<ground behSet="Stand_Idle" />
								<water behSet="TreadWater_Idle" />
							</behaviorTable>
						</BFBehLocoSwitchSet>
					</subBehaviors>
				</BFBehaviorMgr>
			</instance>
		</BFBinder>
		<BFBinder required="1">
			<instance>
				<BFLocomotionMgr />
			</instance>
			<binder>
				<BFNamedBinder binderName="water" required="1">
					<instance>
						<BFLocoAnimate version="1" stationaryAnim="TreadWater_Idle">
							<stop name="TreadWater" />
							<slow name="Swim" />
							<medium name="Swim" />
							<fast name="Swim" />
						</BFLocoAnimate>
					</instance>
				</BFNamedBinder>
			</binder>
		</BFBinder>
		<BFNamedBinder binderName="foodprop" repopulateMethod="byName" required="1">
			<instance>
				<BFGEntityContainer>
					<slots>
						<BFGEntityContainerSlot ownContents="false" hideContents="false" capacity="1" />
					</slots>
				</BFGEntityContainer>
			</instance>
		</BFNamedBinder>
		<BFBinder>
			<instance>
				<ZTEconomyComponent cost="1250">
					<ZTTransaction name="build" costType="parent" type="debit" category="animal" />
				</ZTEconomyComponent>
			</instance>
		</BFBinder>
	</binder>
</BFTypedBinder>
