<BFTypedBinder binderType="Moose_Young_M">
   <types>
      <entity>
         <actor>
            <animal>
               <Mammalia>
                  <Artiodactyla>
                     <Cervidae>
                        <Moose>
                           <Moose_Young>
                              <Moose_Young_M/>
                           </Moose_Young>
                        </Moose>
                     </Cervidae>
                  </Artiodactyla>
               </Mammalia>
            </animal>
         </actor>
      </entity>
   </types>
   <instance>
      <BFGEntity/>
   </instance>
   <shared>
      <UIToggleButton template="adopt">
         <on>
            <event msg="ZT_SETPLACEMENTOBJECT" data="BFString" string="Moose_Young_M"/>
         </on>
      </UIToggleButton>
      <BFAIEntityDataShared b_Male="1"/>
   </shared>
</BFTypedBinder>