﻿<BFTypedBinder binderType="Moose_Adult_M">
	<types>
		<entity>
			<actor>
				<animal>
					<Mammalia>
						<Artiodactyla>
							<Cervidae>
								<Moose>
									<Moose_Adult>
										<Moose_Adult_M />
									</Moose_Adult>
								</Moose>
							</Cervidae>
						</Artiodactyla>
					</Mammalia>
				</animal>
			</actor>
		</entity>
	</types>
	<instance>
		<BFGEntity />
	</instance>
	<shared>
		<UIToggleButton template="adopt">
			<UIAspect>
				<default image="entities\units\animals\Moose\Moose_Adult_M_icon.dds" />
			</UIAspect>
			<on>
				<event msg="ZT_SETPLACEMENTOBJECT" data="BFString" string="Moose_Adult_M" />
			</on>
		</UIToggleButton>
		<BFAIEntityDataShared b_Male="1" f_adoptCount="rand(1,1)" b_ScratchPostRubber="true" />
	</shared>
	<binder>
		<BFNamedBinder binderName="texController" required="1">
			<instance>
				<BFAITextureController currState="well" defaultState="well">
					<attribList>
						<health />
						<hygiene />
					</attribList>
					<stateList>
						<sickanddirty>
							<attribData>
								<health minRange="70" maxRange="101" />
								<hygiene minRange="70" maxRange="101" />
							</attribData>
							<textureData>
								<mainObj material="Moose_Adult_M_MTL" image="entities\units\animals\Moose\Moose_Adult_M_Sick_Dirty.dds" />
							</textureData>
						</sickanddirty>
						<sick>
							<attribData>
								<health minRange="70" maxRange="101" />
							</attribData>
							<textureData>
								<mainObj material="Moose_Adult_M_MTL" image="entities\units\animals\Moose\Moose_Adult_M_Sick.dds" />
							</textureData>
						</sick>
						<dirty>
							<attribData>
								<hygiene minRange="70" maxRange="101" />
							</attribData>
							<textureData>
								<mainObj material="Moose_Adult_M_MTL" image="entities\units\animals\Moose\Moose_Adult_M_Dirty.dds" />
							</textureData>
						</dirty>
						<well>
							<textureData>
								<mainObj material="Moose_Adult_M_MTL" image="entities\units\animals\Moose\Moose_Adult_M.dds" />
							</textureData>
						</well>
					</stateList>
				</BFAITextureController>
			</instance>
		</BFNamedBinder>
		<BFNamedBinder binderName="mainObj">
			<instance>
				<BFPhysObj>
					<BFActorComponent actorfile="entities/units/animals/Moose/Moose_Adult_M.bfm" />
				</BFPhysObj>
			</instance>
		</BFNamedBinder>
	</binder>
</BFTypedBinder>
