﻿<BFTypedBinder binderType="Moose_Adult" abstract="true">
	<types>
		<entity>
			<actor>
				<animal>
					<Mammalia>
						<Artiodactyla>
							<Cervidae>
								<Moose>
									<Moose_Adult />
								</Moose>
							</Cervidae>
						</Artiodactyla>
					</Mammalia>
				</animal>
			</actor>
		</entity>
	</types>
	<instance>
		<BFGEntity />
	</instance>
	<shared>
		<ZTPlacementData icon3Doffset="0 0 1.105249" icon3Dscale="0.467516" />
		<BFAIEntityDataShared b_Adult="1" b_Territorial="true" s_MorphMessage="zoomessages:AnimalPuberty" f_MorphMessagePriority="1" f_MorphMessageDuration="30" b_LargePrey="true" />
	</shared>
	<binder>
		<BFNamedBinder binderName="shadowObj">
			<instance>
				<BFPhysObj>
					<BFMovingBlobShadowComponent lodLevel="0" shadowTexture="world\shadows\blob\round_blob3.tga" baseNode="Bip01 Neck" width="2" length="2.5" intensity="0.3" />
				</BFPhysObj>
			</instance>
		</BFNamedBinder>
		<BFNamedBinder binderName="shadowObj2">
			<instance>
				<BFPhysObj>
					<BFMovingBlobShadowComponent lodLevel="0" shadowTexture="world\shadows\blob\round_blob3.tga" baseNode="Bip01" width="2" length="1.5" intensity="0.3" />
				</BFPhysObj>
			</instance>
		</BFNamedBinder>
		<BFNamedBinder binderName="shadowObj3">
			<instance>
				<BFPhysObj>
					<BFMovingBlobShadowComponent lodLevel="0" shadowTexture="world\shadows\blob\round_blob3.tga" baseNode="Bip01 Spine1" width="2" length="2" offlength="-0.4" intensity="0.3" />
				</BFPhysObj>
			</instance>
		</BFNamedBinder>
		<BFBinder required="1">
			<instance>
				<BFGCollisionTester escapeBuffer="0.25" radius=".5" motionClass="swimmer" waterScore="0" landScore="0" maxSlope=".75" />
			</instance>
		</BFBinder>
	</binder>
</BFTypedBinder>
