<BFTypedBinder binderType="MuskOx_Young" abstract="true">
   <types>
      <entity>
         <actor>
            <animal>
               <Mammalia>
                  <Artiodactyla>
                     <Bovidae>
                        <MuskOx>
                           <MuskOx_Young/>
                        </MuskOx>
                     </Bovidae>
                  </Artiodactyla>
               </Mammalia>
            </animal>
         </actor>
      </entity>
   </types>
   <instance>
      <BFGEntity/>
   </instance>
   <shared>
      <ZTDevComponent/>
      <BFAIEntityDataShared f_viewBonus="5" b_Adult="0" b_MediumPrey="true">
         <BFAINeedAdjusts health="0.25" stimulation="0.33" exercise="0.33" reproduction="0"/>
      </BFAIEntityDataShared>
   </shared>
   <binder>
      <BFNamedBinder binderName="mainObj">
         <instance>
            <BFPhysObj>
               <BFActorComponent actorfile="entities/units/animals/MuskOx/MuskOx_Young_M.bfm" scale="0.55"/>
 	        </BFPhysObj>
         </instance>
      </BFNamedBinder>
      <BFNamedBinder binderName="texController" required="1">
         <instance>
            <BFAITextureController currState="well" defaultState="well">
               <attribList>
                  <health/>
                  <hygiene/>
               </attribList>
               <stateList>
                  <sickanddirty>
                     <attribData>
                        <health minRange="70" maxRange="101"/>
                        <hygiene minRange="70" maxRange="101"/>
                     </attribData>
                      <textureData mergeKey="material">
                        <mainObj material="MuskOx_Adult_F_MTL" image="entities\units\animals\MuskOx\MuskOx_Adult_M_SickAndDirty.dds"/>
                        <mainObj material="UnderFur" image="entities\units\animals\MuskOx\MuskOx_Adult_FUR_SickAndDirty.dds"/>
                     </textureData>
                  </sickanddirty>
                  <sick>
                     <attribData>
                        <health minRange="70" maxRange="101"/>
                     </attribData>
                     <textureData mergeKey="material">
                        <mainObj material="MuskOx_Adult_F_MTL" image="entities\units\animals\MuskOx\MuskOx_Adult_M_Sick.dds"/>
						<mainObj material="UnderFur" image="entities\units\animals\MuskOx\MuskOx_Adult_FUR_Sick.dds"/>  
                     </textureData>
                  </sick>
                  <dirty>
                     <attribData>
                        <hygiene minRange="70" maxRange="101"/>
                     </attribData>
                     <textureData mergeKey="material">
                        <mainObj material="MuskOx_Adult_F_MTL" image="entities\units\animals\MuskOx\MuskOx_Adult_M_Dirty.dds"/>
						<mainObj material="UnderFur" image="entities\units\animals\MuskOx\MuskOx_Adult_FUR_Dirty.dds"/> 
                     </textureData>
                  </dirty>
                  <well>
                     <textureData mergeKey="material">
                        <mainObj material="MuskOx_Adult_F_MTL" image="entities\units\animals\MuskOx\MuskOx_Adult_map.dds"/>
						<mainObj material="UnderFur" image="entities\units\animals\MuskOx\MuskOx_Adult_FUR_map.dds"/>  
                     </textureData>
                  </well>
               </stateList>
            </BFAITextureController>
         </instance>
      </BFNamedBinder>
      <BFBinder required="1">
         <instance>
            <BFAICognitiveMgr>
               <Sensors>
                  <ZTAISensor/>
                  <BFAISensorSelf/>
                  <ZTAISensorLand/>
                  <ZTAISensorTA sensorTag="habitat"/>
               </Sensors>
               <StateThinkers>
                  <ZTAIStateThinker mergeKey="Name">
                     <BFAIStateVar Name="reproduction" Value="" ValueMin="0" ValueMax="0" CessationThreshold="90" TriggerThreshold="90" CriticalThreshold="90" Advanced="true"/>
                  </ZTAIStateThinker>
               </StateThinkers>
               <TaskThinkers>
                  <ZTAITaskThinker/>
               </TaskThinkers>
            </BFAICognitiveMgr>
         </instance>
         <shared>
            <BFAICogShared>
               <BFAINoPerceive>
                  <fence/>
                  <path/>
                  <entrance/>
               </BFAINoPerceive>
            </BFAICogShared>
         </shared>
      </BFBinder>
      <BFNamedBinder binderName="checkup" required="1">
         <instance>
            <ZTAIStaffRequestController attribName="health" thresholdValue="30" testType="4" cancelThresholdValue="20" cancelTestType="1">
               <ZTStaffRequestData tokenKey="t_CheckupBaby" subjectType="Keeper" priority="5"/>
            </ZTAIStaffRequestController>
         </instance>
      </BFNamedBinder>
      <BFBinder required="1">
         <instance>
            <BFAIEntityDataInstance f_needPointsGood="50"/>
         </instance>
      </BFBinder>
      <BFBinder required="1">
         <instance>
            <BFGCollisionTester escapeBuffer="0.125" radius=".25" motionClass="mover" waterScore="10" maxSlope=".75" wadeDepth="1"/>
         </instance>
      </BFBinder>
   </binder>
</BFTypedBinder>