<BFTypedBinder binderType="MuskOx_Adult" abstract="true">
   <types>
      <entity>
         <actor>
            <animal>
               <Mammalia>
                  <Artiodactyla>
                     <Bovidae>
                        <MuskOx>
                           <MuskOx_Adult/>
                        </MuskOx>
                     </Bovidae>
                  </Artiodactyla>
               </Mammalia>
            </animal>
         </actor>
      </entity>
   </types>
   <instance>
      <BFGEntity/>
   </instance>
   <shared>
      <BFAIEntityDataShared b_Adult="1" b_LargePrey="true" s_MorphMessage="zoomessages:AnimalPuberty" f_MorphMessagePriority="1" f_MorphMessageDuration="30"/>
   </shared>
   <binder>
      <BFNamedBinder binderName="texController" required="1">
         <instance>
            <BFAITextureController currState="well" defaultState="well">
               <attribList>
                  <health/>
                  <hygiene/>
               </attribList>
               <stateList>
                  <sickanddirty>
                     <attribData>
                        <health minRange="70" maxRange="101"/>
                        <hygiene minRange="70" maxRange="101"/>
                     </attribData>
                        <textureData mergeKey="material">
                           <mainObj material="MuskOx_Adult_MTL" image="entities\units\animals\MuskOx\MuskOx_Adult_Sick_Dirty.dds"/>
                           <mainObj material="UnderFur" image="entities\units\animals\MuskOx\MuskOx_Adult_FUR_SickAndDirty.dds"/>  
                     </textureData>
                  </sickanddirty>
                  <sick>
                     <attribData>
                        <health minRange="70" maxRange="101"/>
                     </attribData>                                                                                                                                   
                        <textureData mergeKey="material">
                           <mainObj material="MuskOx_Adult_MTL" image="entities\units\animals\MuskOx\MuskOx_Adult_Sick.dds"/>
                           <mainObj material="UnderFur" image="entities\units\animals\MuskOx\MuskOx_Adult_FUR_Sick.dds"/>  
                     </textureData>
                  </sick>
                  <dirty>
                     <attribData>
                        <hygiene minRange="70" maxRange="101"/>
                     </attribData>   
                     <textureData mergeKey="material">
                        <mainObj material="MuskOx_Adult_MTL" image="entities\units\animals\MuskOx\MuskOx_Adult_dirty.dds"/>
                        <mainObj material="UnderFur" image="entities\units\animals\MuskOx\MuskOx_Adult_FUR_Dirty.dds"/>  
                     </textureData> 
                  </dirty>
                  <well>
                      <textureData mergeKey="material">
                        <mainObj material="MuskOx_Adult_MTL" image="entities\units\animals\MuskOx\MuskOx_Adult_M.dds"/>
						<mainObj material="UnderFur" image="entities\units\animals\MuskOx\MuskOx_Adult_FUR_map.dds"/>  
                     </textureData>
                  </well>
               </stateList>
            </BFAITextureController>
         </instance>
      </BFNamedBinder>
      <BFBinder required="1">
         <instance>
            <BFGCollisionTester escapeBuffer="0.125" radius=".25" motionClass="mover" waterScore="10" maxSlope=".75" wadeDepth="1"/>
         </instance>
      </BFBinder>
   </binder>
</BFTypedBinder>
