<BFTypedBinder binderType="Okapi_Adult_M">
   <types>
      <entity>
         <actor>
            <animal>
               <Mammalia>
                  <Artiodactyla>
                     <Giraffidae>
                        <Okapi>
                           <Okapi_Adult>
                              <Okapi_Adult_M/>
                           </Okapi_Adult>
                        </Okapi>
                     </Giraffidae>
                  </Artiodactyla>
               </Mammalia>
            </animal>
         </actor>
      </entity>
   </types>
   <instance>
      <BFGEntity/>
   </instance>
   <shared>
      <UIToggleButton template="adopt">
         <UIAspect>
            <default image="entities/units/animals/Okapi/Okapi_Adult_M_icon.dds"/>
         </UIAspect>
         <on>
            <event msg="ZT_SETPLACEMENTOBJECT" data="BFString" string="Okapi_Adult_M"/>
         </on>
      </UIToggleButton>
      <BFAIEntityDataShared b_Male="1" f_adoptCount="rand(1,1)"/>
   </shared>
   <binder>
      <BFNamedBinder binderName="mainObj">
         <instance>
            <BFPhysObj>
               <BFActorComponent actorfile="entities/units/animals/Okapi/Okapi_Adult_M.bfm" scale=".92"/>
            </BFPhysObj>
         </instance>
      </BFNamedBinder>
   </binder>
</BFTypedBinder>
