<BFTypedBinder binderType="Okapi_Young_F">
   <types>
      <entity>
         <actor>
            <animal>
               <Mammalia>
                  <Artiodactyla>
                     <Giraffidae>
                        <Okapi>
                           <Okapi_Young>
                              <Okapi_Young_F/>
                           </Okapi_Young>
                        </Okapi>
                     </Giraffidae>
                  </Artiodactyla>
               </Mammalia>
            </animal>
         </actor>
      </entity>
   </types>
   <instance>
      <BFGEntity/>
   </instance>
   <shared>
      <BFAIEntityDataShared b_Male="0"/>
   </shared>
</BFTypedBinder>