<BFTypedBinder binderType="Okapi" abstract="true">
	<types>
		<entity>
			<actor>
				<animal>
					<Mammalia>
						<Artiodactyla>
							<Giraffidae>
								<Okapi />
							</Giraffidae>
						</Artiodactyla>
					</Mammalia>
				</animal>
			</actor>
		</entity>
	</types>
	<instance>
		<BFGEntity entityVersion="1">
			<physObjParenting>
				<parentObj parent="mainObj" child="shadowObj" rottype="use" postype="ignore" attachnode="link" />
				<parentObj parent="mainObj" child="shadowObj2" rottype="use" postype="ignore" attachnode="link" />
				<parentObj parent="mainObj" child="shadowObj3" rottype="use" postype="ignore" attachnode="link" />
			</physObjParenting>
		</BFGEntity>
	</instance>
	<shared>
		<UIToggleButton template="adopt">
			<UIAspect>
				<default image="entities/units/animals/Okapi/Okapi_Adult_M_icon.dds" />
			</UIAspect>
			<UIHelpInfo ids="entityname:Okapi" />
			<on>
				<event msg="ZT_SETPLACEMENTOBJECT" data="BFString" string="Okapi_Adult_F" />
			</on>
		</UIToggleButton>
		<BFAIEntityDataShared f_BaseDonationAmount="100" f_MaxTourValue="40" p_PreyOffset="0 1 0" s_DonateToken="t_DonateOkapi" p_NurseNode=".20 -.5 90" p_AttackGuestNode="0 -3 0" p_ButtObjectNode="0 -.5 0" p_FenceJumpNode="0 -5 0" p_GroomNode="1 0 180" p_FightOffset="-.35 -1.25 0" p_FightOffset2="-.35 -1.25 180" s_Species="Okapi" s_Endangerment="LowRisk" b_Advanced="true" b_Folivore="true" b_Frugivore="true" s_KeeperEatType="Terrain_Branches" b_LargeAnimal="true" b_TroughEater="true" b_MetalTroughEater="true" b_FoodDishEater="true" s_KeeperDrinkType="FoodDish_Water" f_adoptRemoveTime="0" f_adoptRarity="40" s_Zoopedia="zoopedia:zoopedia_okapi:entry" f_RequiredInitialSpace="280" f_RequiredAdditionalSpace="60" b_TropicalRainforestAnimal="true" b_Browser="true" b_BerriesEater="true" b_SaltLickUser="true">
			<BFAINeedAdjusts privacy="0.25" />
		</BFAIEntityDataShared>
		<BFGBiomeData location="tropicalrainforest_centralafrica" locationSensitivity="10">
			<alpine sensitivity="-5" />
			<borealforest sensitivity="-5" />
			<desert sensitivity="-5" />
			<grassland sensitivity="0" />
			<temperateforest sensitivity="0" />
			<tropicalrainforest sensitivity="10" primary="true" />
			<tundra sensitivity="-10" />
			<savannah sensitivity="0" />
			<scrub sensitivity="-5" />
			<wetlands sensitivity="0" />
		</BFGBiomeData>
		<ZTUserStaffAction>
			<SetAttribute name="hygiene" value="0" threshold="20" locid="superstaff:animal_groom" effect="SuperStaffGroom" />
			<SetAttribute name="health" value="0" threshold="20" locid="superstaff:animal_heal" effect="SuperStaffHeal" />
		</ZTUserStaffAction>
	</shared>
	<binder>
		<BFNamedBinder binderName="mainObj">
			<instance>
				<BFPhysObj>
					<BFShadowLODComponent numLevels="1" switchingDists="60.0" />
					<BFActorComponent actorfile="entities/units/animals/Okapi/Okapi_Adult_F.bfm" />
					<BF4LegsGroundFitComponent heightOffset="0" maxRollError=".2" maxPitchError=".1" maxHeightError=".5" pitchGain="1.00" heightGain="6.0" rollGain="1.0" bicyclePointBack="Bip01" bicyclePointFront="Bip01 Neck" frontBuoyancyNode="Node_Buoy" backBuoyancyNode="Node_Buoy_Back" />
					<BFSecondaryAnimComponent animName="Secondary_EarA" frequency="1.5" chance="40" validAnims="Stand_Idle,Pee_Idle,Poop_Idle,Stand_Bleat,Stand_Chuff,Stand_HeadUp,Stand_GroomYoung,Stand_LickBody,Stand_Listen,Stand_LookLeft,Stand_LookRight,Stand_Neck,Stand_RubAgain,Stand_Stamp,Stand_Turn180,Stand_TurnLeft90,Stand_TurnRight90,Browse_Idle,BrowseLow_Idle,Chew_Idle,Eat_Drink,Eat_Idle,Lie_Idle" />
					<BFSecondaryAnimComponent animName="Secondary_TailA" frequency="1.5" chance="40" validAnims="Stand_Idle,Pee_Idle,Poop_Idle,Stand_Bleat,Stand_Chuff,Stand_HeadUp,Stand_GroomYoung,Stand_LickBody,Stand_Listen,Stand_LookLeft,Stand_LookRight,Stand_Neck,Stand_RubAgain,Stand_Stamp,Stand_Turn180,Stand_TurnLeft90,Stand_TurnRight90,Browse_Idle,BrowseLow_Idle,Chew_Idle,Eat_Drink,Eat_Idle,Lie_Idle" />
					<BFLegFitComponent maxLegRaise="2.0" leftFrontHipJoint="Bip01 L UpperArm" leftFrontKneeJoint="Bip01 L Forearm" leftFrontAnkleJoint="Bip01 L Hand" rightFrontHipJoint="Bip01 R UpperArm" rightFrontKneeJoint="Bip01 R Forearm" rightFrontAnkleJoint="Bip01 R Hand" leftBackHipJoint="Bip01 L Thigh" leftBackKneeJoint="Bip01 L Calf" leftBackAnkleJoint="Bip01 L Foot" rightBackHipJoint="Bip01 R Thigh" rightBackKneeJoint="Bip01 R Calf" rightBackAnkleJoint="Bip01 R Foot" ankleRotVectorLeftFront="0 0 1" ankleRotVectorRightFront="0 0 1" ankleRotVectorRightBack="0 0 -1" ankleRotVectorLeftBack="0 0 -1" hipRaiseVectorLeftFront="0 1 0" hipRaiseVectorRightFront="0 -1 0" hipRaiseVectorLeftBack="0 0 1" hipRaiseVectorRightBack="0 0 -1" kneeRaiseVectorLeftFront="0 0 -1" kneeRaiseVectorRightFront="0 0 -1" kneeRaiseVectorLeftBack="0 0 1" kneeRaiseVectorRightBack="0 0 1" legFitModeLeftFront="0" legFitModeRightFront="0" legFitModeRightBack="1" legFitModeLeftBack="1" anklePitchVector="0 1 0" maxLOD="1" />
					<BFForwardMovingComponent />
					<BFRotYawMovingComponent />
					<BFCollisionComponent grid="Bip01 Spine1" />
					<BFGridCollisionComponent />
					<BFDecalTextureCycleComponent materialName="Okapi_Adult_M_MTL">
						<Step imageName="entities/units/animals/shared/tiger_blink_blank.dds" hold="3.0" variance="0.5" />
						<Step imageName="entities/units/animals/shared/tiger_blink02.dds" hold="0.08" variance="" />
						<Step imageName="entities/units/animals/shared/tiger_blink.dds" hold="0.1" variance="" />
						<Step imageName="entities/units/animals/shared/tiger_blink02.dds" hold="0.08" variance="" />
					</BFDecalTextureCycleComponent>
					<BFHeadLookComponent leftRightAnimName="Secondary_HeadLook" lookDirNode="Bip01 Head" lookDirVector="0 1 0" gain_z="-2" fov_extreme_lr="90.0" />
				</BFPhysObj>
			</instance>
			<shared>
				<BFTextTagMacrosComponent>
					<MACROS>
						<macro name="Walky" text="anim &apos;Walk_Ahead&apos;" />
						<macro name="Walky2Standy" text="anim &apos;Walk_2Stand&apos;, anim&apos;Stand_Idle&apos;" />
						<macro name="Stand2LieBelly" text="anim &apos;Stand_2Lie&apos;, anim &apos;Lie_Idle&apos;" />
						<macro name="LieBelly2Stand" text="anim &apos;Lie_2Stand&apos;, anim &apos;Stand_Idle&apos;" />
						<macro name="Standy2Walky" text="anim &apos;Stand_2Walk&apos;, anim &apos;Walk_TurnLeftA&apos;" />
						<macro name="LieOnBelly" text="anim &apos;Lie_Idle&apos;" />
						<macro name="TurnLeft180" text="anim &apos;Stand_TurnL&apos;, anim &apos;Stand_TurnL" />
						<macro name="TurnRight180" text="anim &apos;Stand_TurnR&apos;, anim &apos;Stand_TurnR&apos;" />
						<macro name="WalkBack" text="anim &apos;Backup_Ahead&apos;" />
						<macro name="Standy2WalkBack" text="anim &apos;Stand_2Backup&apos;, anim &apos;Backup_Ahead&apos;" />
						<macro name="WalkBack2Stand" text="anim &apos;Backup_2Stand&apos;, anim &apos;Stand_Idle&apos;" />
					</MACROS>
				</BFTextTagMacrosComponent>
			</shared>
		</BFNamedBinder>
		<BFBinder required="1">
			<instance>
				<BFBehaviorMgr behaviorVersion="1">
					<subBehaviors>
						<BFBehAnimate interruptible="true" targetAnim="Stand_Idle" interruptFlag="true" loopFlag="true" />
					</subBehaviors>
				</BFBehaviorMgr>
			</instance>
		</BFBinder>
		<BFBinder required="1">
			<instance>
				<BFLocomotionMgr />
			</instance>
			<binder>
				<BFNamedBinder binderName="ground" required="1">
					<instance>
						<BFLocoAnimate version="1">
							<stop name="Stand" />
							<slow name="Walk">
								<waggle name="Walk_Ahead" wag="0.5" />
							</slow>
							<medium name="Walk">
								<waggle name="Walk_Ahead" wag="0.5" />
							</medium>
							<fast name="Run">
								<waggle name="Run_Ahead" wag="0.5" />
							</fast>
							<evade name="Run" minAnimSpeed="0.8" maxAnimSpeed="1.5">
								<waggle name="Run_Ahead" wag="0.5" />
							</evade>
						</BFLocoAnimate>
					</instance>
				</BFNamedBinder>
			</binder>
		</BFBinder>
		<BFNamedBinder binderName="foodprop" repopulateMethod="byName" required="1">
			<instance>
				<BFGEntityContainer>
					<slots>
						<BFGEntityContainerSlot ownContents="false" hideContents="false" capacity="1" />
					</slots>
				</BFGEntityContainer>
			</instance>
		</BFNamedBinder>
		<BFBinder>
			<instance>
				<ZTEconomyComponent cost="5500">
					<ZTTransaction name="build" costType="parent" type="debit" category="animal" />
				</ZTEconomyComponent>
			</instance>
		</BFBinder>
	</binder>
</BFTypedBinder>
