<BFTypedBinder binderType="Ostrich_Young_F">
   <types>
      <entity>
         <actor>
            <animal>
               <Aves>
                  <Struthioniformes>
                     <Struthionidae>
                        <Ostrich>
                           <Ostrich_Young>
                              <Ostrich_Young_F/>
                           </Ostrich_Young>
                        </Ostrich>
                     </Struthionidae>
                  </Struthioniformes>
               </Aves>
            </animal>
         </actor>
      </entity>
   </types>
   <instance>
      <BFGEntity/>
   </instance>
   <shared>
      <UIToggleButton template="adopt">
         <on>
            <event msg="ZT_SETPLACEMENTOBJECT" data="BFString" string="Ostrich_Young_F"/>
         </on>
      </UIToggleButton>
      <BFAIEntityDataShared b_Male="0"/>
   </shared>
</BFTypedBinder>