<BFTypedBinder binderType="Ostrich_Adult_F">
   <types>
      <entity>
         <actor>
            <animal>
               <Aves>
                  <Struthioniformes>
                     <Struthionidae>
                        <Ostrich>
                           <Ostrich_Adult>
                              <Ostrich_Adult_F/>
                           </Ostrich_Adult>
                        </Ostrich>
                     </Struthionidae>
                  </Struthioniformes>
               </Aves>
            </animal>
         </actor>
      </entity>
   </types>
   <instance>
      <BFGEntity/>
   </instance>
   <shared>
      <UIToggleButton template="adopt">
         <UIAspect>
            <default image="entities\units\animals\Ostrich\Ostrich_Adult_M_icon.dds"/>
         </UIAspect>
         <on>
            <event msg="ZT_SETPLACEMENTOBJECT" data="BFString" string="Ostrich_Adult_F"/>
         </on>
      </UIToggleButton>
      <BFAIEntityDataShared b_Male="0" f_adoptCount="rand(1,1)"/>
   </shared>
   <binder>
      <BFNamedBinder binderName="mainObj">
         <instance>
            <BFPhysObj>
               <BFActorComponent actorfile="entities/units/animals/Ostrich/Ostrich_Adult_F.bfm"/>
            </BFPhysObj>
         </instance>
      </BFNamedBinder>
      <BFNamedBinder binderName="texController" required="1">
         <instance>
            <BFAITextureController currState="well" defaultState="well">
               <attribList>
                  <health/>
                  <hygiene/>
               </attribList>
               <stateList>
                  <sickanddirty>
                     <attribData>
                        <health minRange="70" maxRange="101"/>
                        <hygiene minRange="70" maxRange="101"/>
                     </attribData>
                     <textureData>
                        <mainObj material="Ostrich_Adult_M_MTL" image="entities\units\animals\Ostrich\Ostrich_Young_Sick_Dirty.dds"/>
                     </textureData>
                  </sickanddirty>
                  <sick>
                     <attribData>
                        <health minRange="70" maxRange="101"/>
                     </attribData>
                     <textureData>
                        <mainObj material="Ostrich_Adult_M_MTL" image="entities\units\animals\Ostrich\Ostrich_Young_Sick.dds"/>
                     </textureData>
                  </sick>
                  <dirty>
                     <attribData>
                        <hygiene minRange="70" maxRange="101"/>
                     </attribData>
                     <textureData>
                        <mainObj material="Ostrich_Adult_M_MTL" image="entities\units\animals\Ostrich\Ostrich_Young_Dirty.dds"/>
                     </textureData>
                  </dirty>
                  <well>
                     <textureData>
                        <mainObj material="Ostrich_Adult_M_MTL" image="entities\units\animals\Ostrich\Ostrich_Young_F.dds"/>
                     </textureData>
                  </well>
               </stateList>
            </BFAITextureController>
         </instance>
      </BFNamedBinder>
      <BFBinder required="1">
         <instance>
            <BFAIEntityDataInstance b_Pregnant="false"/>
         </instance>
      </BFBinder>
   </binder>
</BFTypedBinder>
