<BFTypedBinder binderType="PandaGiant_Adult_M">
   <types>
      <entity>
         <actor>
            <animal>
               <Mammalia>
                  <Carnivora>
                     <Ursidae>
                        <PandaGiant>
                           <PandaGiant_Adult>
                              <PandaGiant_Adult_M/>
                           </PandaGiant_Adult>
                        </PandaGiant>
                     </Ursidae>
                  </Carnivora>
               </Mammalia>
            </animal>
         </actor>
      </entity>
   </types>
   <instance>
      <BFGEntity/>
   </instance>
   <shared>
      <UIToggleButton template="adopt">
         <UIAspect>
            <default image="entities/units/animals/PandaGiant/PandaGiant_Adult_M_icon.dds"/>
         </UIAspect>
         <on>
            <event msg="ZT_SETPLACEMENTOBJECT" data="BFString" string="PandaGiant_Adult_M"/>
         </on>
      </UIToggleButton>
      <BFAIEntityDataShared b_Male="1" f_adoptCount="rand(1,1)"/>
   </shared>
</BFTypedBinder>
