<BFTypedBinder binderType="PandaRed_Young_F">
   <types>
      <entity>
         <actor>
            <animal>
               <Mammalia>
                  <Carnivora>
                     <Ursidae>
                        <PandaRed>
                           <PandaRed_Young>
                              <PandaRed_Young_F/>
                           </PandaRed_Young>
                        </PandaRed>
                     </Ursidae>
                  </Carnivora>
               </Mammalia>
            </animal>
         </actor>
      </entity>
   </types>
   <instance>
      <BFGEntity/>
   </instance>
   <shared>
      <BFAIEntityDataShared b_Male="0"/>
   </shared>
</BFTypedBinder>