<BFTypedBinder binderType="PandaGiant_Adult_F">
   <types>
      <entity>
         <actor>
            <animal>
               <Mammalia>
                  <Carnivora>
                     <Ursidae>
                        <PandaGiant>
                           <PandaGiant_Adult>
                              <PandaGiant_Adult_F/>
                           </PandaGiant_Adult>
                        </PandaGiant>
                     </Ursidae>
                  </Carnivora>
               </Mammalia>
            </animal>
         </actor>
      </entity>
   </types>
   <instance>
      <BFGEntity/>
   </instance>
   <shared>
      <BFAIEntityDataShared b_Male="0" f_adoptCount="rand(1,1)"/>
   </shared>
   <binder>
      <BFNamedBinder binderName="mainObj">
         <instance>
            <BFPhysObj>
               <BFActorComponent actorfile="entities/units/animals/PandaGiant/PandaGiant_Adult_M.bfm" scale="0.90"/>
            </BFPhysObj>
         </instance>
      </BFNamedBinder>
      <BFBinder required="1">
         <instance>
            <BFAIEntityDataInstance b_Pregnant="false"/>
         </instance>
      </BFBinder>
      <BFBinder required="1">
         <instance>
            <BFLocomotionMgr/>
         </instance>
         <binder>
            <BFNamedBinder binderName="groundcarryback" required="1">
               <instance>
                  <BFLocoAnimate version="1" stationaryAnim="StandBaby_Idle">
                     <stop name="StandBaby"/>
                     <slow name="WalkBaby"/>
                     <medium name="WalkBaby"/>
                     <fast name="WalkBaby"/>
                  </BFLocoAnimate>
               </instance>
            </BFNamedBinder>
         </binder>
      </BFBinder>
      <BFNamedBinder binderName="back" required="1">
         <instance>
            <BFGEntityContainer>
               <slots>
                  <BFGEntityContainerSlot ownContents="false" hideContents="false" capacity="1"/>
               </slots>
            </BFGEntityContainer>
         </instance>
      </BFNamedBinder>
   </binder>
</BFTypedBinder>