<BFTypedBinder binderType="PandaRed_Young" abstract="true">
   <types>
      <entity>
         <actor>
            <animal>
               <Mammalia>
                  <Carnivora>
                     <Ursidae>
                        <PandaRed>
                           <PandaRed_Young/>
                        </PandaRed>
                     </Ursidae>
                  </Carnivora>
               </Mammalia>
            </animal>
         </actor>
      </entity>
   </types>
   <instance>
      <BFGEntity entityVersion="1"/>
   </instance>
   <shared>
      <ZTPlacementData icon3Doffset="0 0.004346 0.919443" icon3Dscale="0.295796"/>
      <ZTDevComponent/>
      <UIToggleButton template="adopt">
         <on>
            <event msg="ZT_SETPLACEMENTOBJECT" data="BFString" string="PandaRed_Young_F"/>
         </on>
      </UIToggleButton>
      <BFAIEntityDataShared f_viewBonus="85" b_Adult="0" f_LocoSearchHorizon="25">
         <BFAINeedAdjusts health="0.25" stimulation="0.33" exercise="0.33" reproduction="0"/>
      </BFAIEntityDataShared>
   </shared>
   <binder>
      <BFNamedBinder binderName="shadowObj">
			<instance>
				<BFPhysObj>
					<BFMovingBlobShadowComponent lodLevel="0" shadowTexture="world\shadows\blob\round_blob3.tga" baseNode="Bip01 Head" width="0.5" intensity="0.3"/>
				</BFPhysObj>
			</instance>
		</BFNamedBinder>
		<BFNamedBinder binderName="shadowObj2">
			<instance>
				<BFPhysObj>
					<BFMovingBlobShadowComponent lodLevel="0" shadowTexture="world\shadows\blob\round_blob3.tga" baseNode="Bip01 Spine" width="0.5" length="0.75" offlength="0.15" intensity="0.3"/>
				</BFPhysObj>
			</instance>
		</BFNamedBinder>
      <BFNamedBinder binderName="mainObj">
         <instance>
            <BFPhysObj>
               <BFActorComponent actorfile="entities/units/animals/PandaRed/PandaRed_Young_F.bfm" scale="0.15"/>
               <BFDecalTextureCycleComponent materialName="PandaRed_Young_F_MTL">
                  <Step imageName="entities/units/animals/shared/tiger_blink_blank.dds" hold="3.0" variance="0.5"/>
                  <Step imageName="entities/units/animals/shared/tiger_blink02.dds" hold="0.08" variance=""/>
                  <Step imageName="entities/units/animals/shared/tiger_blink.dds" hold="0.1" variance=""/>
                  <Step imageName="entities/units/animals/shared/tiger_blink02.dds" hold="0.08" variance=""/>
               </BFDecalTextureCycleComponent>
            </BFPhysObj>
         </instance>
      </BFNamedBinder>
      <BFBinder required="1">
         <instance>
            <BFGCollisionTester escapeBuffer="0.0625" radius=".125" waterScore="10" motionClass="mover" maxSlope=".90" wadeDepth="1"/>
         </instance>
      </BFBinder>
      <BFNamedBinder binderName="texController" required="1">
         <instance>
            <BFAITextureController currState="well" defaultState="well">
               <attribList>
                  <health/>
                  <hygiene/>
               </attribList>
               <stateList>
                  <sickanddirty>
                     <attribData>
                        <health minRange="70" maxRange="101"/>
                        <hygiene minRange="80" maxRange="101"/>
                     </attribData>
                     <textureData>
                        <mainObj material="PandaRed_Young_F_MTL" image="entities\units\animals\PandaRed\PandaRed_Young_Sick_Dirty.dds"/>
                     </textureData>
                  </sickanddirty>
                  <sick>
                     <attribData>
                        <health minRange="70" maxRange="101"/>
                     </attribData>
                     <textureData>
                        <mainObj material="PandaRed_Young_F_MTL" image="entities\units\animals\PandaRed\PandaRed_Young_Sick.dds"/>
                     </textureData>
                  </sick>
                  <dirty>
                     <attribData>
                        <hygiene minRange="80" maxRange="101"/>
                     </attribData>
                     <textureData>
                        <mainObj material="PandaRed_Young_F_MTL" image="entities\units\animals\PandaRed\PandaRed_Young_Dirty.dds"/>
                     </textureData>
                  </dirty>
                  <well>
                     <textureData>
                        <mainObj material="PandaRed_Young_F_MTL" image="entities\units\animals\PandaRed\PandaRed_Young_F.dds"/>
                     </textureData>
                  </well>
               </stateList>
            </BFAITextureController>
         </instance>
      </BFNamedBinder>
      <BFBinder required="1">
         <instance>
            <BFAICognitiveMgr>
               <Sensors>
                  <ZTAISensor/>
                  <BFAISensorSelf/>
                  <ZTAISensorLand/>
                  <ZTAISensorTA sensorTag="habitat"/>
               </Sensors>
               <StateThinkers>
                  <ZTAIStateThinker mergeKey="Name">
                     <BFAIStateVar Name="reproduction" Value="" ValueMin="0" ValueMax="0" CessationThreshold="90" TriggerThreshold="90" CriticalThreshold="90" Advanced="true"/>
                  </ZTAIStateThinker>
               </StateThinkers>
               <TaskThinkers>
                  <ZTAITaskThinker/>
               </TaskThinkers>
            </BFAICognitiveMgr>
         </instance>
         <shared>
            <BFAICogShared>
               <BFAINoPerceive>
                  <fence/>
                  <path/>
                  <entrance/>
               </BFAINoPerceive>
            </BFAICogShared>
         </shared>
      </BFBinder>
      <BFNamedBinder binderName="checkup" required="1">
         <instance>
            <ZTAIStaffRequestController attribName="health" thresholdValue="30" testType="4" cancelThresholdValue="20" cancelTestType="1">
               <ZTStaffRequestData tokenKey="t_CheckupBaby" subjectType="Keeper" priority="5"/>
            </ZTAIStaffRequestController>
         </instance>
      </BFNamedBinder>
      <BFBinder required="1">
         <instance>
            <BFAIEntityDataInstance f_needPointsGood="50"/>
         </instance>
      </BFBinder>
   </binder>
</BFTypedBinder>
