<BFTypedBinder binderType="PeafowlCommon_Young" abstract="true">
   <types>
      <entity>
         <actor>
            <animal>
               <Aves>
                  <Galliformes>
                     <Phasianidae>
                        <PeafowlCommon>
                           <PeafowlCommon_Young/>
                        </PeafowlCommon>
                     </Phasianidae>
                  </Galliformes>
               </Aves>
            </animal>
         </actor>
      </entity>
   </types>
  <instance>
      <BFGEntity entityVersion="1">
         <physObjParenting>
            <parentObj parent="mainObj" child="shadowObj" rottype="use" postype="ignore" attachnode="link"/>
         </physObjParenting>
      </BFGEntity>
   </instance>
   <shared>
      <UIToggleButton template="adopt">
         <on>
            <event msg="ZT_SETPLACEMENTOBJECT" data="BFString" string="PeafowlCommon_Young_M"/>
         </on>
      </UIToggleButton>
      <ZTDevComponent/>
      <BFAIEntityDataShared f_viewBonus="5" b_Adult="0" p_PreyOffset="0 1 0" b_Prey="true" s_MorphMessage="zoomessages:AnimalHatchEgg" f_MorphMessagePriority="1" f_MorphMessageDuration="30">
         <BFAINeedAdjusts health="0.25" stimulation="0.33" exercise="0.33" reproduction="0"/>
      </BFAIEntityDataShared>
   </shared>
   <binder>
      <BFNamedBinder binderName="mainObj">
         <instance>
            <BFPhysObj>
               <BFActorComponent actorfile="entities/units/animals/PeafowlCommon/PeafowlCommon_Young_M.bfm" scale="0.45"/>
               <BFDecalTextureCycleComponent materialName="CommonPeafowl_Young_M_mtl">
                  <Step imageName="entities/units/animals/shared/tiger_blink_blank.dds" hold="3.0" variance="0.5"/>
                  <Step imageName="entities/units/animals/shared/tiger_blink02.dds" hold="0.08" variance=""/>
                  <Step imageName="entities/units/animals/shared/tiger_blink.dds" hold="0.1" variance=""/>
                  <Step imageName="entities/units/animals/shared/tiger_blink02.dds" hold="0.08" variance=""/>
               </BFDecalTextureCycleComponent>
            </BFPhysObj>
         </instance>
      </BFNamedBinder>
      <BFNamedBinder binderName="shadowObj">
         <instance>
            <BFPhysObj>
               <BFMovingBlobShadowComponent shadowTexture="world\shadows\blob\round_blob3.tga" baseNode="Bip01 Spine" width="0.5" intensity="0.3"/>
            </BFPhysObj>
         </instance>
      </BFNamedBinder>
      <BFNamedBinder binderName="texController" required="1">
         <instance>
            <BFAITextureController currState="well" defaultState="well">
               <attribList>
                  <health/>
                  <hygiene/>
               </attribList>
               <stateList>
                  <sickanddirty>
                     <attribData>
                        <health minRange="70" maxRange="101"/>
                        <hygiene minRange="70" maxRange="101"/>
                     </attribData>
                     <textureData>
                        <mainObj material="CommonPeafowl_Young_M_mtl" image="entities\units\animals\PeafowlCommon\CommonPeafowl_Young_Sick_Dirty.dds"/>
                     </textureData>
                  </sickanddirty>
                  <sick>
                     <attribData>
                        <health minRange="70" maxRange="101"/>
                     </attribData>
                     <textureData>
                        <mainObj material="CommonPeafowl_Young_M_mtl" image="entities\units\animals\PeafowlCommon\CommonPeafowl_Young_Sick.dds"/>
                     </textureData>
                  </sick>
                  <dirty>
                     <attribData>
                        <hygiene minRange="70" maxRange="101"/>
                     </attribData>
                     <textureData>
                        <mainObj material="CommonPeafowl_Young_M_mtl" image="entities\units\animals\PeafowlCommon\CommonPeafowl_Young_Dirty.dds"/>
                     </textureData>
                  </dirty>
                  <well>
                     <textureData>
                        <mainObj material="CommonPeafowl_Young_M_mtl" image="entities\units\animals\PeafowlCommon\CommonPeafowl_Young_M.dds"/>
                     </textureData>
                  </well>
               </stateList>
            </BFAITextureController>
         </instance>
      </BFNamedBinder>
      <BFBinder required="1">
         <instance>
            <BFGCollisionTester escapeBuffer="0.0625" radius=".125" waterScore="10" motionClass="mover" maxSlope=".50" wadeDepth="2"/>
         </instance>
      </BFBinder>
      <BFBinder required="1">
         <instance>
            <BFAICognitiveMgr>
               <Sensors>
                  <ZTAISensor/>
                  <BFAISensorSelf/>
                  <ZTAISensorLand/>
                  <ZTAISensorTA sensorTag="habitat"/>
               </Sensors>
               <StateThinkers>
                  <ZTAIStateThinker mergeKey="Name">
                     <BFAIStateVar Name="reproduction" Value="" ValueMin="0" ValueMax="0" CessationThreshold="90" TriggerThreshold="90" CriticalThreshold="90" Advanced="true"/>
                  </ZTAIStateThinker>
               </StateThinkers>
               <TaskThinkers>
                  <ZTAITaskThinker/>
               </TaskThinkers>
            </BFAICognitiveMgr>
         </instance>
         <shared>
            <BFAICogShared>
               <BFAINoPerceive>
                  <fence/>
                  <path/>
                  <entrance/>
               </BFAINoPerceive>
            </BFAICogShared>
         </shared>
      </BFBinder>
      <BFNamedBinder binderName="checkup" required="1">
         <instance>
            <ZTAIStaffRequestController attribName="health" thresholdValue="30" testType="4" cancelThresholdValue="20" cancelTestType="1">
               <ZTStaffRequestData tokenKey="t_CheckupBaby" subjectType="Keeper" priority="5"/>
            </ZTAIStaffRequestController>
         </instance>
      </BFNamedBinder>
      <BFBinder required="1">
         <instance>
            <BFAIEntityDataInstance f_needPointsGood="50"/>
         </instance>
      </BFBinder>
   </binder>
</BFTypedBinder>
