<BFTypedBinder binderType="PeafowlCommon_Adult_M">
   <types>
      <entity>
         <actor>
            <animal>
               <Aves>
                  <Galliformes>
                     <Phasianidae>
                        <PeafowlCommon>
                           <PeafowlCommon_Adult>
                              <PeafowlCommon_Adult_M/>
                           </PeafowlCommon_Adult>
                        </PeafowlCommon>
                     </Phasianidae>
                  </Galliformes>
               </Aves>
            </animal>
         </actor>
      </entity>
   </types>
   <instance>
      <BFGEntity/>
   </instance>
   <shared>
      <UIToggleButton template="adopt">
         <UIAspect>
            <default image="entities\units\animals\PeafowlCommon\PeafowlCommon_Adult_M_icon.dds"/>
         </UIAspect>
         <UIHelpInfo ids="entityname:PeafowlCommon"/>
         <on>
            <event msg="ZT_SETPLACEMENTOBJECT" data="BFString" string="PeafowlCommon_Adult_M"/>
         </on>
      </UIToggleButton>
      <BFAIEntityDataShared b_Male="1" f_adoptCount="rand(1,4)"/>
      <ZTPlacementData icon3Dscale="0.65"/>
   </shared>
   <binder>
      <BFNamedBinder binderName="texController" required="1">
         <instance>
            <BFAITextureController currState="well" defaultState="well">
               <attribList>
                  <health/>
                  <hygiene/>
               </attribList>
               <stateList>
                  <sickanddirty>
                     <attribData>
                        <health minRange="70" maxRange="101"/>
                        <hygiene minRange="70" maxRange="101"/>
                     </attribData>
                     <textureData>
                        <mainObj material="CommonPeafowl_Adult_M_MTL" image="entities\units\animals\PeafowlCommon\CommonPeafowl_Adult_M_Sick_Dirty.dds"/>
                     </textureData>
                  </sickanddirty>
                  <sick>
                     <attribData>
                        <health minRange="70" maxRange="101"/>
                     </attribData>
                     <textureData>
                        <mainObj material="CommonPeafowl_Adult_M_MTL" image="entities\units\animals\PeafowlCommon\CommonPeafowl_Adult_M_Sick.dds"/>
                     </textureData>
                  </sick>
                  <dirty>
                     <attribData>
                        <hygiene minRange="70" maxRange="101"/>
                     </attribData>
                     <textureData>
                        <mainObj material="CommonPeafowl_Adult_M_MTL" image="entities\units\animals\PeafowlCommon\CommonPeafowl_Adult_M_Dirty.dds"/>
                     </textureData>
                  </dirty>
                  <well>
                     <textureData>
                        <mainObj material="CommonPeafowl_Adult_M_MTL" image="entities\units\animals\PeafowlCommon\CommonPeafowl_Adult_M.dds"/>
                     </textureData>
                  </well>
               </stateList>
            </BFAITextureController>
         </instance>
      </BFNamedBinder>
   </binder>
</BFTypedBinder>