<BFTypedBinder binderType="PeafowlCommon_Young_M">
   <types>
      <entity>
         <actor>
            <animal>
               <Aves>
                  <Galliformes>
                     <Phasianidae>
                        <PeafowlCommon>
                           <PeafowlCommon_Young>
                              <PeafowlCommon_Young_M/>
                           </PeafowlCommon_Young>
                        </PeafowlCommon>
                     </Phasianidae>
                  </Galliformes>
               </Aves>
            </animal>
         </actor>
      </entity>
   </types>
   <instance>
      <BFGEntity/>
   </instance>
   <shared>
      <BFAIEntityDataShared b_Male="1"/>
   </shared>
</BFTypedBinder>