<BFTypedBinder binderType="PeafowlCommon_Adult_F">
   <types>
      <entity>
         <actor>
            <animal>
               <Aves>
                  <Galliformes>
                     <Phasianidae>
                        <PeafowlCommon>
                           <PeafowlCommon_Adult>
                              <PeafowlCommon_Adult_F/>
                           </PeafowlCommon_Adult>
                        </PeafowlCommon>
                     </Phasianidae>
                  </Galliformes>
               </Aves>
            </animal>
         </actor>
      </entity>
   </types>
   <instance>
      <BFGEntity/>
   </instance>
   <shared>
      <UIToggleButton template="adopt">
         <on>
            <event msg="ZT_SETPLACEMENTOBJECT" data="BFString" string="PeafowlCommon_Adult_F"/>
         </on>
      </UIToggleButton>
      <BFAIEntityDataShared b_Male="0" f_adoptCount="rand(1,4)"/>
   </shared>
   <binder>
      <BFNamedBinder binderName="mainObj">
         <instance>
            <BFPhysObj>
               <BFActorComponent actorfile="entities/units/animals/PeafowlCommon/PeafowlCommon_Adult_F.bfm"/>
            </BFPhysObj>
         </instance>
      </BFNamedBinder>
      <BFNamedBinder binderName="texController" required="1">
         <instance>
            <BFAITextureController currState="well" defaultState="well">
               <attribList>
                  <health/>
                  <hygiene/>
               </attribList>
               <stateList>
                  <sickanddirty>
                     <attribData>
                        <health minRange="70" maxRange="101"/>
                        <hygiene minRange="70" maxRange="101"/>
                     </attribData>
                     <textureData>
                        <mainObj material="CommonPeafowl_Adult_M_MTL" image="entities\units\animals\PeafowlCommon\CommonPeafowl_Adult_F_Sick_Dirty.dds"/>
                     </textureData>
                  </sickanddirty>
                  <sick>
                     <attribData>
                        <health minRange="70" maxRange="101"/>
                     </attribData>
                     <textureData>
                        <mainObj material="CommonPeafowl_Adult_M_MTL" image="entities\units\animals\PeafowlCommon\CommonPeafowl_Adult_F_Sick.dds"/>
                     </textureData>
                  </sick>
                  <dirty>
                     <attribData>
                        <hygiene minRange="70" maxRange="101"/>
                     </attribData>
                     <textureData>
                        <mainObj material="CommonPeafowl_Adult_M_MTL" image="entities\units\animals\PeafowlCommon\CommonPeafowl_Adult_F_Dirty.dds"/>
                     </textureData>
                  </dirty>
                  <well>
                     <textureData>
                        <mainObj material="CommonPeafowl_Adult_M_MTL" image="entities\units\animals\PeafowlCommon\CommonPeafowl_Adult_F.dds"/>
                     </textureData>
                  </well>
               </stateList>
            </BFAITextureController>
         </instance>
      </BFNamedBinder>
      <BFBinder required="1">
         <instance>
            <BFAIEntityDataInstance b_Pregnant="false"/>
         </instance>
      </BFBinder>
   </binder>
</BFTypedBinder>