<BFTypedBinder binderType="PeafowlCommon_Young_F">
   <types>
      <entity>
         <actor>
            <animal>
               <Aves>
                  <Galliformes>
                     <Phasianidae>
                        <PeafowlCommon>
                           <PeafowlCommon_Young>
                              <PeafowlCommon_Young_F/>
                           </PeafowlCommon_Young>
                        </PeafowlCommon>
                     </Phasianidae>
                  </Galliformes>
               </Aves>
            </animal>
         </actor>
      </entity>
   </types>
   <instance>
      <BFGEntity/>
   </instance>
   <shared>
      <UIToggleButton template="adopt">
         <on>
            <event msg="ZT_SETPLACEMENTOBJECT" data="BFString" string="PeafowlCommon_Young_F"/>
         </on>
      </UIToggleButton>
      <BFAIEntityDataShared b_Male="0"/>
   </shared>
</BFTypedBinder>