<BFTypedBinder binderType="PenguinEmperor_Adult_F">
   <types>
      <entity>
         <actor>
            <animal>
               <Aves>
                  <Sphenisciformes>
                     <Spheniscidae>
                        <PenguinEmperor>
                           <PenguinEmperor_Adult>
                              <PenguinEmperor_Adult_F/>
                           </PenguinEmperor_Adult>
                        </PenguinEmperor>
                     </Spheniscidae>
                  </Sphenisciformes>
               </Aves>
            </animal>
         </actor>
      </entity>
   </types>
   <instance>
      <BFGEntity/>
   </instance>
   <shared>
      <BFAIEntityDataShared b_Male="0" f_adoptCount="rand(1,2)"/>
   </shared>
   <binder>
      <BFBinder required="1">
         <instance>
            <BFAIEntityDataInstance b_Pregnant="false"/>
         </instance>
      </BFBinder>
   </binder>
</BFTypedBinder>