<BFTypedBinder binderType="PenguinEmperor_Young_F">
   <types>
      <entity>
         <actor>
            <animal>
               <Aves>
                  <Sphenisciformes>
                     <Spheniscidae>
                        <PenguinEmperor>
                           <PenguinEmperor_Young>
                              <PenguinEmperor_Young_F/>
                           </PenguinEmperor_Young>
                        </PenguinEmperor>
                     </Spheniscidae>
                  </Sphenisciformes>
               </Aves>
            </animal>
         </actor>
      </entity>
   </types>
   <instance>
      <BFGEntity/>
   </instance>
   <shared>
      <UIToggleButton template="adopt">
         <on>
            <event msg="ZT_SETPLACEMENTOBJECT" data="BFString" string="PenguinEmperor_Young_F"/>
         </on>
      </UIToggleButton>
      <BFAIEntityDataShared b_Male="0"/>
   </shared>
</BFTypedBinder>