<BFTypedBinder binderType="PenguinEmperor_Adult_M">
   <types>
      <entity>
         <actor>
            <animal>
               <Aves>
                  <Sphenisciformes>
                     <Spheniscidae>
                        <PenguinEmperor>
                           <PenguinEmperor_Adult>
                              <PenguinEmperor_Adult_M/>
                           </PenguinEmperor_Adult>
                        </PenguinEmperor>
                     </Spheniscidae>
                  </Sphenisciformes>
               </Aves>
            </animal>
         </actor>
      </entity>
   </types>
   <instance>
      <BFGEntity/>
   </instance>
   <shared>
      <UIToggleButton template="adopt">
         <on>
            <event msg="ZT_SETPLACEMENTOBJECT" data="BFString" string="PenguinEmperor_Adult_M"/>
         </on>
      </UIToggleButton>
      <BFAIEntityDataShared b_Male="1" f_adoptCount="rand(1,2)"/>
   </shared>
</BFTypedBinder>