﻿<BFTypedBinder binderType="Proboscidea" abstract="true">
	<types>
		<entity>
			<actor>
				<animal>
					<Mammalia>
						<Proboscidea />
					</Mammalia>
				</animal>
			</actor>
		</entity>
	</types>
	<instance>
		<BFGEntity />
	</instance>
	<binder>
		<BFBinder>
			<instance>
				<BFAICognitiveMgr>
					<StateThinkers>
						<ZTAIStateThinker>
							<BFAIStateVar Name="explore" TriggerThreshold="30" />
						</ZTAIStateThinker>
					</StateThinkers>
				</BFAICognitiveMgr>
			</instance>
		</BFBinder>
	</binder>
</BFTypedBinder>
