<BFTypedBinder binderType="RhinocerosBlack_Adult_M">
   <types>
      <entity>
         <actor>
            <animal>
               <Mammalia>
                  <Perissodactyla>
                     <Rhinocerotidae>
                        <RhinocerosBlack>
                           <RhinocerosBlack_Adult>
                              <RhinocerosBlack_Adult_M/>
                           </RhinocerosBlack_Adult>
                        </RhinocerosBlack>
                     </Rhinocerotidae>
                  </Perissodactyla>
               </Mammalia>
            </animal>
         </actor>
      </entity>
   </types>
   <instance>
      <BFGEntity/>
   </instance>
   <shared>
      <UIToggleButton template="adopt">
         <on>
            <event msg="ZT_SETPLACEMENTOBJECT" data="BFString" string="RhinocerosBlack_Adult_M"/>
         </on>
      </UIToggleButton>
      <BFAIEntityDataShared b_Male="1" f_adoptCount="rand(1,1)"/>
   </shared>
</BFTypedBinder>