<BFTypedBinder binderType="RhinocerosBlack_Young_F">
   <types>
      <entity>
         <actor>
            <animal>
               <Mammalia>
                  <Perissodactyla>
                     <Rhinocerotidae>
                        <RhinocerosBlack>
                           <RhinocerosBlack_Young>
                              <RhinocerosBlack_Young_F/>
                           </RhinocerosBlack_Young>
                        </RhinocerosBlack>
                     </Rhinocerotidae>
                  </Perissodactyla>
               </Mammalia>
            </animal>
         </actor>
      </entity>
   </types>
   <instance>
      <BFGEntity/>
   </instance>
   <shared>
      <UIToggleButton template="adopt">
         <on>
            <event msg="ZT_SETPLACEMENTOBJECT" data="BFString" string="RhinocerosBlack_Young_F"/>
         </on>
      </UIToggleButton>
      <BFAIEntityDataShared b_Male="0"/>
   </shared>
</BFTypedBinder>