<BFTypedBinder binderType="RhinocerosBlack_Adult_F">
   <types>
      <entity>
         <actor>
            <animal>
               <Mammalia>
                  <Perissodactyla>
                     <Rhinocerotidae>
                        <RhinocerosBlack>
                           <RhinocerosBlack_Adult>
                              <RhinocerosBlack_Adult_F/>
                           </RhinocerosBlack_Adult>
                        </RhinocerosBlack>
                     </Rhinocerotidae>
                  </Perissodactyla>
               </Mammalia>
            </animal>
         </actor>
      </entity>
   </types>
   <instance>
      <BFGEntity/>
   </instance>
   <shared>
      <BFAIEntityDataShared b_Male="0" f_adoptCount="rand(1,1)"/>
   </shared>
   <binder>
      <BFBinder required="1">
         <instance>
            <BFAIEntityDataInstance b_Pregnant="false"/>
         </instance>
      </BFBinder>
   </binder>
</BFTypedBinder>