<BFTypedBinder binderType="RhinocerosBlack_Young_M">
   <types>
      <entity>
         <actor>
            <animal>
               <Mammalia>
                  <Perissodactyla>
                     <Rhinocerotidae>
                        <RhinocerosBlack>
                           <RhinocerosBlack_Young>
                              <RhinocerosBlack_Young_M/>
                           </RhinocerosBlack_Young>
                        </RhinocerosBlack>
                     </Rhinocerotidae>
                  </Perissodactyla>
               </Mammalia>
            </animal>
         </actor>
      </entity>
   </types>
   <instance>
      <BFGEntity/>
   </instance>
   <shared>
      <UIToggleButton template="adopt">
         <on>
            <event msg="ZT_SETPLACEMENTOBJECT" data="BFString" string="RhinocerosBlack_Young_M"/>
         </on>
      </UIToggleButton>
      <BFAIEntityDataShared b_Male="1"/>
   </shared>
   <binder>
      <BFNamedBinder binderName="mainObj">
         <instance>
            <BFPhysObj>
               <BFActorComponent actorfile="entities/units/animals/RhinocerosBlack/RhinocerosBlack_Young_F.bfm" scale="0.45"/>
            </BFPhysObj>
         </instance>
      </BFNamedBinder>
   </binder>
</BFTypedBinder>