<BFTypedBinder binderType="Squirrel">
   <types>
      <entity>
         <actor>
            <ambient>
               <ambient_ground>
                  <Squirrel/>
               </ambient_ground>
            </ambient>
         </actor>
      </entity>
   </types>
   <instance>
      <BFGEntity entityVersion="1">
         <physObjParenting>
            <parentObj parent="mainObj" child="shadowObj" rottype="use" postype="ignore" attachnode="link"/>
         </physObjParenting>
      </BFGEntity>
   </instance>
   <shared>
      <BFAIEntityDataShared s_Species="Squirrel"/>
   </shared>
   <binder>
      <BFNamedBinder binderName="mainObj">
         <instance>
            <BFPhysObj>
               <position x="0" y="0" z="0"/>
               <BFActorComponent actorfile="entities/units/animals/Squirrel/Squirrel_Adult_F.bfm"/>
               <BF4LegsGroundFitComponent heightOffset="0" maxRollError=".2" maxPitchError=".1" maxHeightError=".5" pitchGain="2.00" heightGain="6.0" rollGain="1.0" bicyclePointBack="Bip01 Pelvis" bicyclePointFront="Bip01 Neck"/>
               <BFForwardMovingComponent/>
               <BFRotYawMovingComponent/>
               <BFCollisionComponent grid="Bip01 Spine1"/>
	       <BFGridCollisionComponent/>
               <BFBoundedObjectComponent worldBounded="0">
                  <minPoint x="-1000000" y="-100000" z="-100000"/>
                  <maxPoint x="1000000" y="100000" z="100000"/>
               </BFBoundedObjectComponent>
            </BFPhysObj>
         </instance>
      </BFNamedBinder>
      <BFNamedBinder binderName="shadowObj">
         <instance>
            <BFPhysObj>
               <BFMovingBlobShadowComponent lodLevel="0" shadowTexture="world\shadows\blob\blob_animal_final.tga" baseNode="Bip01 Head" width="1.5" minLength="1.5" maxLength="3.0" minOffset="0" maxOffset=".75"/>
            </BFPhysObj>
         </instance>
      </BFNamedBinder>
      <BFBinder required="1">
         <instance>
            <BFBehaviorMgr behaviorVersion="1">
               <subBehaviors>
                  <BFBehAnimate interruptible="true" targetAnim="Stand_Idle" interruptFlag="true" loopFlag="true"/>
               </subBehaviors>
            </BFBehaviorMgr>
         </instance>
      </BFBinder>
      <BFBinder required="1">
         <instance>
            <BFLocomotionMgr/>
         </instance>
         <binder>
            <BFNamedBinder binderName="ground" required="1">
               <instance>
                  <BFLocoAnimate version="1">
                     <stop name="Stand"/>
                     <slow name="Walk">
                        <waggle name="Walk_Ahead" wag="0.5"/>
                     </slow>
                     <medium name="Walk" >
                        <waggle name="Walk_Ahead" wag="0.5"/>
                     </medium>
                     <fast name="Run" >
                        <waggle name="Run_Ahead" wag="0.5"/>
                     </fast>
                  </BFLocoAnimate>
               </instance>
            </BFNamedBinder>
         </binder>
      </BFBinder>
      <BFBinder required="1">
         <instance>
            <BFGCollisionTester radius=".25" motionClass="mover" maxSlope=".75" wadeDepth="0"/>
         </instance>
      </BFBinder>
   </binder>
</BFTypedBinder>