﻿<BFTypedBinder binderType="TapirBairds_Young" abstract="true">
	<types>
		<entity>
			<actor>
				<animal>
					<Mammalia>
						<Perissodactyla>
							<Tapiridae>
								<TapirBairds>
									<TapirBairds_Young />
								</TapirBairds>
							</Tapiridae>
						</Perissodactyla>
					</Mammalia>
				</animal>
			</actor>
		</entity>
	</types>
	<instance>
		<BFGEntity entityVersion="1">
			<physObjParenting>
				<parentObj parent="mainObj" child="shadowObj" rottype="use" postype="ignore" attachnode="link" />
				<parentObj parent="mainObj" child="shadowObj2" rottype="use" postype="ignore" attachnode="link" />
			</physObjParenting>
		</BFGEntity>
	</instance>
	<shared>
		<ZTDevComponent />
		<BFAIEntityDataShared f_viewBonus="25" b_Adult="0" b_TroughEater="false" b_MetalTroughEater="false" p_TreeRubNode=".8 -.25 270" p_NurseDock="0 -.5 180" b_SmallPrey="true">
			<BFAINeedAdjusts health="0.25" stimulation="0.33" exercise="0.33" reproduction="0" />
		</BFAIEntityDataShared>
	</shared>
	<binder>
		<BFNamedBinder binderName="mainObj">
			<instance>
				<BFPhysObj>
					<BFActorComponent actorfile="entities/units/animals/TapirBairds/TapirBairds_Young_F.bfm" scale="0.5" />
				</BFPhysObj>
			</instance>
		</BFNamedBinder>
		<BFNamedBinder binderName="shadowObj">
			<instance>
				<BFPhysObj>
					<BFMovingBlobShadowComponent lodLevel="0" shadowTexture="world\shadows\blob\round_blob3.tga" baseNode="Bip01 Head" width="1" intensity="0.3" />
				</BFPhysObj>
			</instance>
		</BFNamedBinder>
		<BFNamedBinder binderName="shadowObj2">
			<instance>
				<BFPhysObj>
					<BFMovingBlobShadowComponent lodLevel="0" shadowTexture="world\shadows\blob\round_blob3.tga" baseNode="Bip01" width="1" intensity="0.3" />
				</BFPhysObj>
			</instance>
		</BFNamedBinder>
		<BFNamedBinder binderName="texController" required="1">
			<instance>
				<BFAITextureController currState="well" defaultState="well">
					<attribList>
						<health />
						<hygiene />
					</attribList>
					<stateList>
						<sickanddirty>
							<attribData>
								<health minRange="70" maxRange="101" />
								<hygiene minRange="60" maxRange="101" />
							</attribData>
							<textureData>
								<mainObj material="TapirBairds_Young_MTL" image="entities\units\animals\TapirBairds\TapirBairds_Young_F_Sick_Dirty.dds" />
							</textureData>
						</sickanddirty>
						<sick>
							<attribData>
								<health minRange="70" maxRange="101" />
							</attribData>
							<textureData>
								<mainObj material="TapirBairds_Young_MTL" image="entities\units\animals\TapirBairds\TapirBairds_Young_F_Sick.dds" />
							</textureData>
						</sick>
						<dirty>
							<attribData>
								<hygiene minRange="60" maxRange="101" />
							</attribData>
							<textureData>
								<mainObj material="TapirBairds_Young_MTL" image="entities\units\animals\TapirBairds\TapirBairds_Young_F_Dirty.dds" />
							</textureData>
						</dirty>
						<well>
							<textureData>
								<mainObj material="TapirBairds_Young_MTL" image="entities\units\animals\TapirBairds\TapirBairds_Young_F.dds" />
							</textureData>
						</well>
					</stateList>
				</BFAITextureController>
			</instance>
		</BFNamedBinder>
		<BFBinder required="1">
			<instance>
				<BFAICognitiveMgr>
					<Sensors>
						<ZTAISensor />
						<BFAISensorSelf />
						<ZTAISensorLand />
						<ZTAISensorTA sensorTag="habitat" />
					</Sensors>
					<StateThinkers>
						<ZTAIStateThinker mergeKey="Name">
							<BFAIStateVar Name="reproduction" Value="" ValueMin="0" ValueMax="0" CessationThreshold="90" TriggerThreshold="90" CriticalThreshold="90" Advanced="true" />
						</ZTAIStateThinker>
					</StateThinkers>
					<TaskThinkers>
						<ZTAITaskThinker />
					</TaskThinkers>
				</BFAICognitiveMgr>
			</instance>
			<shared>
				<BFAICogShared>
					<BFAINoPerceive>
						<fence />
						<path />
						<entrance />
					</BFAINoPerceive>
				</BFAICogShared>
			</shared>
		</BFBinder>
		<BFBinder required="1">
			<instance>
				<BFGCollisionTester escapeBuffer="0.1875" radius=".375" motionClass="swimmer" waterScore="0" landScore="0" maxSlope=".50" />
			</instance>
		</BFBinder>
		<BFNamedBinder binderName="checkup" required="1">
			<instance>
				<ZTAIStaffRequestController attribName="health" thresholdValue="30" testType="4" cancelThresholdValue="20" cancelTestType="1">
					<ZTStaffRequestData tokenKey="t_CheckupBaby" subjectType="Keeper" priority="5" />
				</ZTAIStaffRequestController>
			</instance>
		</BFNamedBinder>
		<BFBinder required="1">
			<instance>
				<BFAIEntityDataInstance f_needPointsGood="50" />
			</instance>
		</BFBinder>
	</binder>
</BFTypedBinder>
