<BFTypedBinder binderType="TigerBengal_Adult_M">
   <types>
      <entity>
         <actor>
            <animal>
               <Mammalia>
                  <Carnivora>
                     <Felidae>
                        <TigerBengal>
                           <TigerBengal_Adult>
                              <TigerBengal_Adult_M/>
                           </TigerBengal_Adult>
                        </TigerBengal>
                     </Felidae>
                  </Carnivora>
               </Mammalia>
            </animal>
         </actor>
      </entity>
   </types>
   <instance>
      <BFGEntity/>
   </instance>
   <shared>
      <UIToggleButton template="adopt">
         <on>
            <event msg="ZT_SETPLACEMENTOBJECT" data="BFString" string="TigerBengal_Adult_M"/>
         </on>
      </UIToggleButton>
      <BFAIEntityDataShared b_Male="1" f_adoptCount="rand(1,1)" b_TreeScratcher="true"/>
   </shared>
   <binder>
      <BFNamedBinder binderName="mainObj">
         <instance>
            <BFPhysObj>
               <BFActorComponent actorfile="entities/units/animals/TigerBengal/TigerBengal_Adult_F.bfm"/>
            </BFPhysObj>
         </instance>
      </BFNamedBinder>
   </binder>
</BFTypedBinder>