<BFTypedBinder binderType="TortoiseGalapagos" abstract="true">
	<types>
		<entity>
			<actor>
				<animal>
					<Reptilia>
						<Testudines>
							<Testudinae>
								<TortoiseGalapagos />
							</Testudinae>
						</Testudines>
					</Reptilia>
				</animal>
			</actor>
		</entity>
	</types>
	<instance>
		<BFGEntity />
	</instance>
	<shared>
		<UIToggleButton template="adopt">
			<UIAspect>
				<default image="entities\units\animals\TortoiseGalapagos\TortoiseGalapagos_Adult_F_icon.dds" />
			</UIAspect>
			<UIHelpInfo ids="entityname:TortoiseGalapagos" />
			<on>
				<event msg="ZT_SETPLACEMENTOBJECT" data="BFString" string="TortoiseGalapagos_Adult_F" />
			</on>
		</UIToggleButton>
		<ZTPlacementData waterPlacement="true" icon3Doffset="0 0 1" icon3Dscale="1" />
		<BFAIEntityDataShared s_Product="EndangeredSpecies" f_MaxTourValue="35" f_BaseDonationAmount="60" s_DonateToken="t_DonateTortoiseGalapagos" s_Species="TortoiseGalapagos" s_Endangerment="Endangered" b_Advanced="true" b_Graminivore="true" b_Ambivore="true" b_Frugivore="true" b_FoodDishEater="true" b_SubstratePileEater="true" s_KeeperEatType="Terrain_Grass" s_KeeperDrinkType="FoodDish_Water" b_SmallAnimal="true" f_adoptRarity="30" s_Zoopedia="zoopedia:zoopedia_tortoisegalapagos:entry" f_RequiredInitialSpace="150" f_RequiredAdditionalSpace="50" p_SniffNode="0 -3.5 180" p_PreyOffset="0 -1.5 0" p_FightOffset="0 -1.5 180" b_PursuitBallUser="true" p_PursuitBallNode="0 -1.75 180" b_Pees="false" b_ReptilePoolUser="true" b_HeatLampUser="true">
			<BFAINeedAdjusts hunger="0.25" thirst="0.25" rest="0.25" exercise="0.1" privacy="0.1" social="0.1" stimulation="0.1" />
		</BFAIEntityDataShared>
		<BFGBiomeData location="scrub_america_south_west" locationSensitivity="10">
			<alpine sensitivity="-10" />
			<borealforest sensitivity="-10" />
			<desert sensitivity="-5" />
			<grassland sensitivity="-5" />
			<temperateforest sensitivity="-10" />
			<tropicalrainforest sensitivity="-10" />
			<tundra sensitivity="-10" />
			<savannah sensitivity="-5" />
			<scrub sensitivity="10" primary="true" />
			<wetlands sensitivity="-10" />
		</BFGBiomeData>
		<ZTUserStaffAction>
			<SetAttribute name="hygiene" value="0" threshold="20" locid="superstaff:animal_wash" effect="SuperStaffWashLarge" />
			<SetAttribute name="health" value="0" threshold="20" locid="superstaff:animal_heal" />
		</ZTUserStaffAction>
	</shared>
	<binder>
		<BFNamedBinder binderName="mainObj">
			<instance>
				<BFPhysObj>
					<BFActorComponent actorfile="entities/units/animals/TortoiseGalapagos/TortoiseGalapagos_Adult_F.bfm" scale="1" switch="0 10 20" />
					<BFShadowLODComponent numLevels="1" switchingDists="60.0" />
					<BF4LegsGroundFitComponent heightOffset="0" maxRollError=".2" maxPitchError=".1" maxHeightError=".5" pitchGain="1.0" heightGain="6.0" rollGain="1.0" bicyclePointBack="Bip01 Pelvis" bicyclePointFront="Bip01 Spine1" backBuoyancyNode="Node_Buoy_Back" frontBuoyancyNode="Node_Buoy" maxLOD="1" heightOffsetScale="0.0" />
					<BFSwimComponent waterInDistance="0.50" waterOutDistance="0.0" />
					<BFRotYawMovingComponent />
					<BFCollisionComponent grid="Bip01 Spine1" />
					<BFGridCollisionComponent />
					<BFHeadLookComponent leftRightAnimName="Secondary_Headlook" lookDirNode="Bip01 Head" lookDirVector="0 1 0" gain_z="-2" fov_extreme_lr="90.0" />
					<BFSecondaryAnimComponent animName="Secondary_MouthA" frequency="1.5" chance="40" validAnims="Stand_Idle,Stand_TurnRight180,Stand_TurnLeft90,Stand_TurnRight90,Stand_LookLeft,Stand_LookRight,Poop_Idle,TreadWater_Idle,TreadWater_TurnRight,TreadWater_TurnLeft,StretchNeck_Idle,Stand_Pee,Lie_Idle" />
					<BFDecalTextureCycleComponent materialName="TortoiseGalagos_Material" textureSet="2">
						<Step imageName="entities/units/animals/shared/tiger_blink_blank.dds" hold="3.0" variance="0.5" />
						<Step imageName="entities/units/animals/shared/tiger_blink02.dds" hold="0.08" variance="" />
						<Step imageName="entities/units/animals/shared/tiger_blink.dds" hold="0.1" variance="" />
						<Step imageName="entities/units/animals/shared/tiger_blink02.dds" hold="0.08" variance="" />
					</BFDecalTextureCycleComponent>
				</BFPhysObj>
			</instance>
		</BFNamedBinder>
		<BFBinder required="1" repopulateMethod="byType">
			<instance>
				<BFGCollisionHandler factorStepDown="0.01" />
			</instance>
		</BFBinder>
		<BFBinder required="1">
			<instance>
				<BFBehaviorMgr behaviorVersion="1">
					<subBehaviors>
						<BFBehLocoSwitchSet loopFlag="true">
							<behaviorTable>
								<ground behSet="Stand_Idle" />
								<water behSet="TreadWater_Idle" />
							</behaviorTable>
						</BFBehLocoSwitchSet>
					</subBehaviors>
				</BFBehaviorMgr>
			</instance>
		</BFBinder>
		<BFBinder required="1">
			<instance>
				<BFLocomotionMgr />
			</instance>
			<binder>
				<BFNamedBinder binderName="ground" required="1">
					<instance>
						<BFLocoAnimate version="1" stationaryAnim="Stand_Idle">
							<stop name="Stand" />
							<slow name="Walk" />
							<medium name="Walk" />
							<fast name="Walk" />
							<evade name="Walk" minAnimSpeed="1.0" maxAnimSpeed="1.5" />
						</BFLocoAnimate>
					</instance>
				</BFNamedBinder>
				<BFNamedBinder binderName="water" required="1">
					<instance>
						<BFLocoAnimate version="1" stationaryAnim="TreadWater_Idle">
							<stop name="TreadWater" />
							<slow name="Swim" />
							<medium name="Swim" />
							<fast name="Swim" />
							<evade name="Swim" minAnimSpeed="0.6" maxAnimSpeed="1.5" />
						</BFLocoAnimate>
					</instance>
				</BFNamedBinder>
			</binder>
		</BFBinder>
		<BFNamedBinder binderName="foodprop" repopulateMethod="byName" required="1">
			<instance>
				<BFGEntityContainer>
					<slots>
						<BFGEntityContainerSlot ownContents="false" hideContents="false" capacity="1" />
					</slots>
				</BFGEntityContainer>
			</instance>
		</BFNamedBinder>
		<BFBinder>
			<instance>
				<ZTEconomyComponent cost="3000">
					<ZTTransaction name="build" costType="parent" type="debit" category="animal" />
				</ZTEconomyComponent>
			</instance>
		</BFBinder>
	</binder>
</BFTypedBinder>
