﻿<BFTypedBinder binderType="WildDogAfrican_Adult" abstract="true">
	<types>
		<entity>
			<actor>
				<animal>
					<Mammalia>
						<Carnivora>
							<Canidae>
								<WildDogAfrican>
									<WildDogAfrican_Adult />
								</WildDogAfrican>
							</Canidae>
						</Carnivora>
					</Mammalia>
				</animal>
			</actor>
		</entity>
	</types>
	<instance>
		<BFGEntity entityVersion="1">
			<physObjParenting>
				<parentObj parent="mainObj" child="shadowObj" rottype="use" postype="ignore" attachnode="link" />
				<parentObj parent="mainObj" child="shadowObj2" rottype="use" postype="ignore" attachnode="link" />
				<parentObj parent="mainObj" child="shadowObj3" rottype="use" postype="ignore" attachnode="link" />
			</physObjParenting>
		</BFGEntity>
	</instance>
	<shared>
		<BFAIEntityDataShared f_viewBonus="30" b_Adult="1" p_PredatorOffset="0 -2 0" s_MorphMessage="zoomessages:AnimalPuberty" f_MorphMessagePriority="1" f_MorphMessageDuration="30" b_MediumPredator="true" />
	</shared>
	<binder>
		<BFNamedBinder binderName="shadowObj">
			<instance>
				<BFPhysObj>
					<BFMovingBlobShadowComponent minLODLevel="0" maxLODLevel="1" shadowTexture="world\shadows\blob\round_blob3.tga" baseNode="Bip01 Head" width="0.5" length="0.7" intensity="0.25" />
				</BFPhysObj>
			</instance>
		</BFNamedBinder>
		<BFNamedBinder binderName="shadowObj2">
			<instance>
				<BFPhysObj>
					<BFMovingBlobShadowComponent minLODLevel="0" maxLODLevel="1" shadowTexture="world\shadows\blob\round_blob3.tga" baseNode="Bip01" width="1" length="1.25" offlength="0.5" intensity="0.3" />
				</BFPhysObj>
			</instance>
		</BFNamedBinder>
		<BFNamedBinder binderName="shadowObj3">
			<instance>
				<BFPhysObj>
					<BFMovingBlobShadowComponent minLODLevel="0" maxLODLevel="1" shadowTexture="world\shadows\blob\round_blob3.tga" baseNode="Bip01 Spine2" width="0.8" length="1.25" intensity="0.25" />
				</BFPhysObj>
			</instance>
		</BFNamedBinder>
		<BFNamedBinder binderName="texController" required="1">
			<instance>
				<BFAITextureController currState="well" defaultState="well">
					<attribList>
						<health />
						<hygiene />
					</attribList>
					<stateList>
						<sickanddirty>
							<attribData>
								<health minRange="70" maxRange="101" />
								<hygiene minRange="70" maxRange="101" />
							</attribData>
							<textureData>
								<mainObj material="WildDogAfrican_F_Mat" image="shared\WildDogAfrican_F_SickandDirty.dds" />
							</textureData>
						</sickanddirty>
						<sick>
							<attribData>
								<health minRange="70" maxRange="101" />
							</attribData>
							<textureData>
								<mainObj material="WildDogAfrican_F_Mat" image="shared\WildDogAfrican_F_Sick.dds" />
							</textureData>
						</sick>
						<dirty>
							<attribData>
								<hygiene minRange="70" maxRange="101" />
							</attribData>
							<textureData>
								<mainObj material="WildDogAfrican_F_Mat" image="shared\WildDogAfrican_F_Dirty.dds" />
							</textureData>
						</dirty>
						<well>
							<textureData>
								<mainObj material="WildDogAfrican_F_Mat" image="shared\WildDogAfrican_F.dds" />
							</textureData>
						</well>
					</stateList>
				</BFAITextureController>
			</instance>
		</BFNamedBinder>
		<BFBinder required="1">
			<instance>
				<BFLocomotionMgr />
			</instance>
			<binder>
				<BFNamedBinder binderName="groundcarry" required="1">
					<instance>
						<BFLocoAnimate version="1" stationaryAnim="StandObject_Idle">
							<stop name="StandObject" />
							<slow name="WalkObject" />
							<medium name="WalkObject" />
							<fast name="RunObject" />
						</BFLocoAnimate>
					</instance>
				</BFNamedBinder>
			</binder>
		</BFBinder>
		<BFBinder required="1">
			<instance>
				<BFGCollisionTester escapeBuffer="0.1875" radius=".375" motionClass="swimmer" waterScore="0" landScore="0" maxSlope=".75" />
			</instance>
		</BFBinder>
	</binder>
</BFTypedBinder>
