<BFTypedBinder binderType="ZebraCommon_Young_F">
   <types>
      <entity>
         <actor>
            <animal>
               <Mammalia>
                  <Perissodactyla>
                     <Equidae>
                        <ZebraCommon>
                           <ZebraCommon_Young>
                              <ZebraCommon_Young_F/>
                           </ZebraCommon_Young>
                        </ZebraCommon>
                     </Equidae>
                  </Perissodactyla>
               </Mammalia>
            </animal>
         </actor>
      </entity>
   </types>
   <instance>
      <BFGEntity/>
   </instance>
   <shared>
      <UIToggleButton template="adopt">
         <on>
            <event msg="ZT_SETPLACEMENTOBJECT" data="BFString" string="ZebraCommon_Young_F"/>
         </on>
      </UIToggleButton>
      <BFAIEntityDataShared b_Male="0"/>
   </shared>
</BFTypedBinder>