<BFTypedBinder binderType="ZebraCommon_Adult_F">
   <types>
      <entity>
         <actor>
            <animal>
               <Mammalia>
                  <Perissodactyla>
                     <Equidae>
                        <ZebraCommon>
                           <ZebraCommon_Adult>
                              <ZebraCommon_Adult_F/>
                           </ZebraCommon_Adult>
                        </ZebraCommon>
                     </Equidae>
                  </Perissodactyla>
               </Mammalia>
            </animal>
         </actor>
      </entity>
   </types>
   <instance>
      <BFGEntity/>
   </instance>
   <shared>
      <BFAIEntityDataShared b_Male="0" f_adoptCount="rand(1,4)"/>
   </shared>
   <binder>
      <BFBinder required="1">
         <instance>
            <BFAIEntityDataInstance b_Pregnant="false"/>
         </instance>
      </BFBinder>
   </binder>
</BFTypedBinder>